:020000040800F2
:1000000090FF002061020008CF6300083D52000805
:10001000CD6300086B130008C19D000800000000BC
:10002000000000000000000000000000A101000826
:100030009D15000800000000FD0100087176000811
:100040007B0200087B0200087B0200087B0200089C
:100050007B0200087B0200087B0200087B0200088C
:100060007B0200087B0200087B020008C91300081D
:100070007B0200087B020008D51300087B02000801
:100080007B020008E11300087B0200087B020008E5
:10009000BD1300087B0200087B0200087B020008F9
:1000A0007B0200087B0200087B0200087B0200083C
:1000B0007B0200087B0200087B0200087B0200082C
:1000C0007B0200087B0200087B0200087B0200081C
:1000D0007B020008A17E0008AD7E0008B97E000802
:1000E0007B0200087B0200087B0200087B020008FC
:1000F0007B0200087B0200083D7700087B020008B5
:100100007B0200087B0200087B0200087B020008DB
:100110007B020008257A00087B020008317700087E
:10012000ED1300087B020008F91300087B020008A9
:100130007B0200087B0200087B0200087B020008AB
:100140007B0200087B0200087B020008756700083C
:100150007B0200087B020008051400087B020008EF
:100160007B0200087B0200087B0200087B0200087B
:100170007B0200087B0200087B02000800000000F0
:100180007B0200087B020008DFF810D000F086FC3C
:100190000048004769CC0008AFF3008090FF0020C2
:1001A0002C4B19680868B0E8F04F80F30988BFF35A
:1001B0006F8F4FF0000080F311887047000000003F
:1001C00008480068006880F308884FF0000080F35A
:1001D000148862B661B6BFF34F8FBFF36F8F00DF35
:1001E00000BF00BF08ED00E0DFF80C00016841F43B
:1001F00070010160704700BF88ED00E0EFF30980F7
:10020000BFF36F8F134B1A681EF0100F08BF20ED5D
:10021000108A20E9F04F106009B44FF0500080F3CD
:100220001188BFF34F8FBFF36F8F0EF00DFA4FF0B1
:10023000000080F3118809BC19680868B0E8F04F25
:100240001EF0100F08BFB0EC108A80F30988BFF3CE
:100250006F8F704730000020EFF30580704700007B
:100260000648804706480047FEE7FEE7FEE7FEE750
:10027000FEE7FEE7FEE7FEE7FEE7FEE72177000880
:10028000890100082DE9F05F0546002092469B4653
:1002900088460646814640241BE02846414647469C
:1002A000224600F051FA53465A46C01A914110D3E3
:1002B00011461846224600F038FA2D1A67EB01085D
:1002C0004F4622460120002100F02FFA17EB0009CB
:1002D0004E41201EA4F10104DFDC484631462A4687
:1002E0004346BDE8F09F40EA01039B0703D009E0C5
:1002F00008C9121F08C0042AFAD203E011F8013B12
:1003000000F8013B521EF9D27047D2B201E000F86A
:10031000012B491EFBD270470022F6E710B51346A9
:100320000A4604461946FFF7F0FF204610BD421C5E
:1003300010F8011B0029FBD1801A70472DE9FE4FF0
:10034000804681EA0300C00F0C46009021F0004176
:1003500023F00045B8EB0200A94105D240462146F2
:1003600090461C460B46024623F00040104347D0FF
:10037000270DC7F30A00C3F30A510290401A0190F7
:1003800040286BDAC3F3130040F4801B00989246B8
:1003900020B10023D2EB030A63EB0B0B0198594603
:1003A000C0F14002504600F0C0F906460D465046E6
:1003B0005946019A00F0D8F910EB08006141002479
:1003C00087EA115284EAE7731A4340D0009A62B375
:1003D000019A012A4FEA075215DC001B61EB02016A
:1003E0004FF0004202EA0752CDE90042001C41F5FD
:1003F000801132462B4600F00FFA03B0BDE8F08FB3
:1004000040462146F9E7001B61EB0201001C41F563
:10041000801300185B412018A2F5001747EB030179
:1004200040EAD570B6196D4111E06D084FEA360605
:1004300045EAC0754FEA0752001B61EB0201001C40
:1004400041F5801149084FEA300000195141324608
:100450002B4603B0BDE8F04F00F0CFB90098012261
:1004600040000023D0EB020263EBE07300982146CA
:100470004FEAE074B8EB000061EB0401E9E783F0B8
:1004800000435BE781F0004158E72DE9FE4F81EA28
:10049000030404F0004421F0004100944FF0000BED
:1004A00023F0004350EA01045ED052EA03045BD01B
:1004B000C3F30A54C1F30A552C44A4F2F334019453
:1004C000A0FB0254C1F3130141F48011C3F31303E1
:1004D00043F4801301FB024400FB034E840A970A95
:1004E00044EA815447EA8357A4FB076802958D0AC2
:1004F00005FB07854FEA932C04FB0C542705029D4E
:100500004FEA065847EA1637B5EB08056EEB070CBD
:10051000870E920E47EA811742EA8312A7FB020177
:10052000B6EB0B0164EB00042B0D43EA0C335E18B1
:1005300044EB1C50DA465146E7FB0201C5F31304B5
:100540004FEA0B3343EA14534FEA0432019C43EA67
:100550000603A4F10C040294009CCDE900B400F061
:100560005BF903B0BDE8F08F00200146F9E72DE903
:10057000F04D81EA030404F0004B21F000451446DD
:100580004FF0000A23F0004150EA050220D054EA5F
:1005900001021DD0C5F30A570246C5F31303C1F388
:1005A0001300C1F30A5640F4801543F48013A7EBFF
:1005B0000608101BD64608F2FD3873EB050002D37F
:1005C00008F1010801E092185B41B8F1000F03DA6D
:1005D00000200146BDE8F08D00204FF48011064652
:1005E00084460EE0171B73EB050705D3121B63EB64
:1005F000050306434CEA010C49084FEA3000921803
:100600005B4150EA0107EDD152EA030012D082EAC1
:10061000040083EA0501084305D0101BAB4106D254
:100620000122002306E000224FF0004302E06FF0B9
:10063000010253101AEB06004CEB085110EB0A00B4
:1006400041EB0B01BDE8F04D00F0D7B80EB5C10F7E
:1006500080EAE0700844CA07002140F233438DE885
:100660000E000A460B4600F0D7F803B000BDC1F3F8
:100670000A5210B5C1F3130140F2FF3341F4801167
:100680009A4201DA002010BD40F233439A42A2F2AE
:10069000334203DC524200F057F810BD904010BDC9
:1006A00000F0004230F000400AD0C10D01F5607149
:1006B000C0F3160042EA0151C208400711437047D7
:1006C00000200146704701F0004330B421F00041A2
:1006D00050EA010206D00A0DA2F56072C1F31301BF
:1006E000002A02DC30BC00207047440F44EAC104F9
:1006F000C100E01830BC00EBC25000F047B830B584
:100700000B46014600202022012409E021FA02F5CF
:100710009D4205D303FA02F5491B04FA02F5284469
:10072000151EA2F10102F1DC30BD202A04DB203AC3
:1007300000FA02F1002070479140C2F1200320FA34
:1007400003F3194390407047202A04DB203A21FA32
:1007500002F00021704721FA02F3D040C2F12002DA
:100760009140084319467047202A06DBCB17203AF0
:1007700041FA02F043EAE07306E041FA02F3D040A6
:10078000C2F1200291400843194670470029A8BFD2
:100790007047401C490008BF20F00100704710B4AA
:1007A000B0FA80FC00FA0CF050EA010404BF10BC5F
:1007B000704749B1CCF1200421FA04F411FA0CF18C
:1007C00018BF012121430843A3EB0C01CB1D4FEAC5
:1007D00000614FEA102042BF002010BC704700EBC0
:1007E000C35010440029A4BF10BC7047401C4900EE
:1007F00008BF20F0010010BC704710B5141E73F143
:10080000000408DA401C41F1000192185B411A43D0
:1008100001D120F0010010BD2DE9F04D92469B461C
:1008200011B1B1FA81F202E0B0FA80F220329046C2
:10083000FFF77BFF04460F4640EA0A0041EA0B013E
:1008400053465A46084313D0114653EA010019D0C3
:10085000C8F140025046FFF777FF05460E46504666
:1008600059464246FFF761FF084305D0012004E0E6
:1008700020463946BDE8F08D0020054346EAE07683
:100880002C4337430A986305E40AA0EB08000022D2
:10089000FD0A44EA47540A3002D500200146E9E740
:1008A000010510196941DDE9084500196941BDE8F4
:1008B000F04DA2E770B521F0004303430CD0C1F323
:1008C0000A550024D5EB040564EB0403D617AD1AD2
:1008D000B34102DB0020014670BD201841EB0251FC
:1008E00070BD2DE9F04D00231A461B1A8A4103DB27
:1008F00000200146BDE8F08DC1F30A52C1F3130197
:1009000041F480154FF0000BD10702D100186D4162
:10091000521E0027044640F2FF11384601EB620ADE
:100920003E468046024600204FF48011FFF70CFF40
:10093000C2197141BB1846EB0100B4EB030C75EB17
:10094000000C04D3E41A65EB000517460E46241983
:1009500008F101006D4180463428E3DDF91946EBCA
:100960000600091BA84103D24FF0FF32134601E0F5
:10097000002213461BEB070046EB0A51BDE8F04D81
:10098000FFF73BBF2DE9F041054621F000400C4642
:10099000284309D0C4F30A5040F23341884205DDB0
:1009A00028462146BDE8F0812846FBE740F2FE31AB
:1009B000884210DC0CDB4FEA043040EA155050EA64
:1009C000053105D0104804F0004101430020E9E75B
:1009D00000200146E6E7A0F233404642C6F140025D
:1009E00028462146FFF7A1FE0746884628462146AD
:1009F0003246FFF7A9FE43463A46FFF7FEFE32466F
:100A0000BDE8F041FFF791BE0000F03FC1F30A528C
:100A1000C1F3130140F2FF3341F480119A4202DA2C
:100A200000200146704740F233439A42A2F233421B
:100A300002DC5242FFF788BEFFF777BE30B5041ED6
:100A400071F1000404DB4FF00044404264EB01010B
:100A5000141E73F1000405DB1C464FF000435242A4
:100A600063EB04038B4208BF824230BD30B5041EE5
:100A700071F1000404DB4FF00044404264EB0101DB
:100A8000141E73F1000405DB1C464FF00043524274
:100A900063EB0403994208BF904230BD064C074DFA
:100AA00006E0E06840F0010394E80700984710343E
:100AB000AC42F6D3FFF76CFBA0000108C0000108B0
:100AC00070B58C1810F8015B15F0070301D110F810
:100AD000013B2A1106D110F8012B03E010F8016B3D
:100AE00001F8016B5B1EF9D12B0705D40023521EC0
:100AF0000DD401F8013BFAE710F8013BCB1A921C28
:100B000003E013F8015B01F8015B521EF9D5A14225
:100B1000D8D3002070BD10B50146806B026C12F076
:100B2000500F05D0026CD20626D500F07FFF10BD15
:100B3000016C41F40071016401688A6812F0405F41
:100B400017D1027EAAB9CA6A12F4700F02D08A685D
:100B500052050ED44A6822F020024A60016C21F44A
:100B600080710164016CC90403D4016C41F001017E
:100B7000016400F059FF10BD806BC26CBDE81040ED
:100B80000846104710B5806B40210164416C41F06C
:100B90000401416400F04AFF10BD10B5806B00F005
:100BA00044FF10BD464910B54A6822F440324A60FD
:100BB0004A6843681A434A6001684A6822F48072AE
:100BC0004A6001684A68036942EA03224A60016890
:100BD0004A6822F040724A6001684A6883681A4392
:100BE0004A6001688A6822F400628A6001688A6843
:100BF000C3681A438A60816A6FF07062D1420168EB
:100C00008A6822F070628A6001688A680CD0836A00
:100C10001A438A6001688A6822F040528A6001683B
:100C20008A68C36A1A4301E022F040528A60016870
:100C30008A6822F002028A6001688A68037E42EABA
:100C400043028A6090F82010002901684A680FD09A
:100C500042F400624A6001684A6822F460424A60D5
:100C600001684A68174C436A04EB43331A4301E0B6
:100C700022F400624A600168CA6A22F47002CA6201
:100C80000168CA6A838B104C04EB03531A43CA628F
:100C900001688A6822F400728A6001688A6890F8A4
:100CA000303042EA43228A6001688A6822F4806216
:100CB0008A6001688A68406942EA8020886010BDC5
:100CC0000023014000E0FFFF0000F0FF10B5A0226C
:100CD0000549064800F056FFBDE81040502204497F
:100CE000044800F04FBF0000A0E30020680300208C
:100CF000E0E40020B00300202DE9F0413B4C002649
:100D0000054694F805C024A32FA2BCF1000F0BD018
:100D1000204600270079411CC9B2BCF1010F16D052
:100D2000BCF1020F34D125E030490220432DC978AF
:100D300002D0442D05D02BE02B2929D1012161714E
:100D400002E02B2924D160710126207120E01A5C79
:100D5000AA4209D00D38102808D8A5F1300009287A
:100D600002D93138192801D8012600E067712171B4
:100D7000184607E0105CA84201D1012600E0677127
:100D800021711046FFF7D3FA2179884200D16771AB
:100D9000E5703046BDE8F0812B434F4E4E4543543D
:100DA000494E473C3C58583A58583A58583A58587F
:100DB0003A58583A58580D0A2B434F4E4E45435413
:100DC00045440D0A000000002B444953433A535553
:100DD00043434553530D0A2B52454144590D0A2BA9
:100DE0005041495241424C450D0A0000100200207A
:100DF0002DE9F041484C0026054694F808E035A35B
:100E00003CA240A1BEF1000F10D02046002790F870
:100E100007C0BEF1010F0CF10100C0B223D0BEF13A
:100E2000020F36D0BEF1030F50D13FE03A48022105
:100E3000432D807904D04F2D0AD0442D0CD045E0AD
:100E40002B2803D0432841D001263FE0012006E0B3
:100E500043283BD1217203E02B2837D10320207295
:100E60000126E17132E013F80C10A9420BD0ACF16D
:100E70000D0CBCF1100F08D8A5F13001092902D9D9
:100E80001139192901D8012600E02772E0711846AE
:100E900008E012F80C10A94201D1012600E02772E7
:100EA000E0711046FFF743FAE1790CE011F80C20ED
:100EB000AA4201D1012600E02772E0710846FFF73F
:100EC00036FAE179401C884200D12772A57130467C
:100ED000BDE8F0812B434F4E4E454354494E473CAD
:100EE0003C58583A58583A58583A58583A58583A34
:100EF00058580D0A434F4E4E45435445440D0D0A74
:100F0000000000002B444953433A53554343455393
:100F1000530D0D0A00000000100200202DED068B7D
:100F2000002090B005468DF800004FF001080646FD
:100F30009FEDFE8ADFF8F8A3DFF8F8B3F0EE488AF9
:100F40008146DFEDFDAA9FEDFDAAFD4C4FF0FF327B
:100F50006946DBF800000DF00DFE0128F6D19DF882
:100F6000000009F08FF8412D08D19DF800004128BC
:100F700004D1B9F1000F01D14FF00109F1480DF191
:100F8000040C0FC88CE80F009DF80000FFF730FF3D
:100F900007469DF80000FFF7AFFE384410F0FF0F42
:100FA000D4D19DF800004B2804D04A2804D0492809
:100FB00004D005E0022102E0012100E00021884682
:100FC000DF4AA0F140010932C9B24B1E82F801800C
:100FD000072B02D8403D8D4200D10E460546D84829
:100FE000093006709FEDD80A062E31D006DC062E99
:100FF0006BD2DFE806F06A1014181B20182E4BD0B5
:1010000004DC072E35D0082E5FD135E0192E47D0ED
:101010001A2E5AD149E0CD48B0F908000FE0CB486C
:10102000B0F9080018E08DED028A1DE0C748B0F95C
:101030000800404223E0C548B0F90800404200EEF5
:10104000100AB8EEC00AC0EE0A0ACDED020A2EE080
:10105000BE48B0F90800404200EE100AB8EEC00ADF
:10106000C0EE0A0ACDED020A8DED038ACDED04AA89
:1010700021E08DED028A0AE0B448B0F9080000EEE4
:10108000900AF8EEE00A80EE8A1A8DED021A8DEDD4
:10109000038A8DED040A0EE0AC480189643102E058
:1010A000AA480189643901810FE08DED028A8DED36
:1010B000038A8DED048AB9F1000F06D0002101A842
:1010C00008F0C4FE08B14FF000099DF80000612847
:1010D0000AD062280DD063280BD0642814D065286C
:1010E00007D0662822D009E0994FB8688047F86891
:1010F0008047C821DAF81020012090479DF80000B1
:101100007B281BD07D2828D02078012818D00228E1
:101110007FF41CAF8F4FF878502821D0572824D067
:10112000787823287ED06078A07074E08748017EAC
:1011300011B100210176DCE70121FBE701202070DD
:1011400060783221B0FBF1F201FB120281499DF877
:101150000030401C8B546070F8E602202070D9E704
:10116000774801210930C1707CE0754901200931BF
:1011700088708DF804008DED028A8DED038A8DED67
:10118000048A002101A808F061FEC8200DF0D0F803
:101190000CF0F6FF6D48B0F908100591816D0691CD
:1011A000C16D079140690890042105A808F018FE58
:1011B00007460DF005F8B7BB4FF47A71DAF8102046
:1011C0004EE06178081AFFF741FA41EC110B9FEDF0
:1011D000620B09F061FD5F48A778B0EE409A384491
:1011E000F0EE609A10F8010C3038FFF72FFA53EC4C
:1011F000192BFFF74AF941EC190B18EE900AFFF78B
:101200004FFA53EC192BFFF799F8FFF75CFA08EE49
:10121000900A7F1EA770A0780428D2D24D4840784B
:10122000303801E035E01DE004281BD2DFE800F093
:1012300002090D11BDEEE80A444910EE100A0881BA
:101240000BE04248C0ED168A07E04048C0ED178A1F
:1012500003E0BCEEE80A3D4884E0DAF81020C8213B
:10126000012090473948B0F90810002901DA00211F
:1012700001814169642901D9642141610020207004
:101280006070A070F0EE488A32213248FFF744F8CF
:101290005CE600200590F0EE488A242106A8FFF7BE
:1012A0003BF860783228DDD87D2139540021F2EEF8
:1012B000040A06AB1EE000BFA0F13002092A0AD8DA
:1012C00000EE102AB0EE681AB8EEC00AF0EE408ABE
:1012D00041EE208A0CE03A280AD1059803EB800001
:1012E000C0ED008A0598F0EE488A401CC0B2059017
:1012F000491CC9B2785C7D28DED1059803EB8000DB
:10130000C0ED008A9DED060A1048BDEEC00A10EE41
:10131000101A01819DED070A80ED160A9DED080A5D
:1013200080ED170A9DED090A1AE000000000000098
:10133000C80000200C000020DB0F49BF00007A44E9
:101340001002002090FE0008DB0F493F2002002021
:1013500050010020AAE90020000000000000244005
:10136000BCEEC00A80ED050A77E7FEE730B58BB02A
:1013700001200DF04BFA104CE0602078012818D0C5
:1013800000200125CDE9060505900090019002900E
:10139000039004900E20CDE908506946606800F083
:1013A00015FD606801F09EF80221606800F094FC71
:1013B00025700BB030BD0000DC000020014800F0BB
:1013C0001CBE0000B8040020014801F019B900005B
:1013D000D0080020014801F013B90000F0090020F6
:1013E000014801F00DB9000090090020014801F00A
:1013F00007B90000F8030020014801F001B900001E
:1014000058040020014801F0FBB80000300900201A
:1014100001681823CAB2103AB2FBF3F2054B6FF31E
:101420000901032A9B5CC36500D9091D8165084633
:1014300070470000FCF3000810B5014600208B69DE
:101440008A6A4FF0C07453B1B3F5005F15D072B122
:10145000012A0CD0022A0AD0032A09D104E01AB1C9
:10146000012A06D0022A03D1C96AC90100D5012088
:1014700010BDC96AA142FAD010BD002AF7D0012AD6
:10148000F2D0022AF3D0032AF3D010BD30B504689D
:10149000256825F480252560046863608368402BF7
:1014A000036803D099600068C26030BD9A6000682C
:1014B000C16030BD0148406870470000001000E086
:1014C0000748006840F08070054908600020054921
:1014D00048600846006840F001000860704700005E
:1014E000FCED00E0001000E008B50DF089FD0A4DAC
:1014F0000A4E0B4F00244FF4FA7800902878401CD5
:10150000C0B22870022801D334803C70414668463E
:101510000CF034FFF2E70000DC020020EC020020B7
:10152000E902002070B504460021084604EB810260
:10153000491CC2F888091029F8D300224FF400652D
:10154000A118521C81F81C01AA42F9D320706070C6
:101550000121A170C4F8C80921764022A2716076E9
:1015600084F81C0984F81D1984F81F0984F81E09E1
:10157000090204F11C00FEF7CFFE294604F58E7027
:10158000FEF7CAFE122104F62610FEF7C5FE3E2124
:1015900004F63810FEF7C0FE002070BD704772B62A
:1015A000FEE70000F8B51C4C00211CA2606803692E
:1015B000084698470C2000906068194D01230021CF
:1015C00086682A781E20B04760680A2115A2036940
:1015D00000209847D5F80100022300EE100A606849
:1015E00003220A2146692020B047606814210FA217
:1015F000036900209847D5F80500022300EE100A81
:1016000060680322142145692020A847606880692A
:1016100001B0BDE8F0400047D0020020454E3A003E
:101620000CEA00205961773A000000004865693AE9
:1016300000000000002229B101291AD002291BD084
:101640004FF440720E490B6823F440730B600B6833
:1016500013430B600A6822F0F8020A600A6802234A
:1016600003EBC00002430A60086840F48030086061
:1016700070474FF48072E5E74FF40072E2E7000034
:10168000103C02401348016889050FD5016821F418
:1016900000710160016841F400610160016821F49A
:1016A00000610160016841F4007101600168490551
:1016B0000FD5016821F480610160016841F4805117
:1016C0000160016821F480510160016841F480618A
:1016D00001607047003C024008490A6822F44072E9
:1016E0000A600A6842F004020A600A684FF4803314
:1016F00043EA002002430A6070470000103C0240A9
:10170000064A136823F44073136013681360136868
:1017100043F001031360017070470000103C024069
:10172000094910B50C6824F440740C600C6844F44A
:1017300040740C600C6844F001040C600260BFF35C
:101740006F8F436010BD0000103C0240074A1368D1
:1017500023F440731360136843F4807313601368B9
:1017600043F001031360018070470000103C024009
:10177000074A136823F440731360136843F400733B
:101780001360136843F001031360016070470000A9
:10179000103C024017490868C206174805D5C269BF
:1017A00042F01002C26110220A600A68920605D552
:1017B000C26942F00802C26120220A600A68520629
:1017C00005D5C26942F00402C26140220A600A687B
:1017D000120605D5C26942F00202C26180220A6087
:1017E0000A68920705D5C26942F02002C261022050
:1017F000086070470C3C0240980A002070B51149FF
:1018000004460020C86101F033FA06460E4D09E097
:10181000601C07D024B101F02BFA801BA04201D933
:10182000032070BD2868C003F2D42868C00701D027
:1018300001202860286810F0F200F2D0FFF7AAFF1C
:10184000012070BD980A00200C3C024070B5D040C9
:1018500000F001000C460870097B002601250529CF
:101860003AD2DFE801F00337091D330088B30DF0E9
:10187000C7FB606002200AE00DF0C2FB6168401AFD
:10188000A060217829B1B0F57A7F25D90420207392
:1018900022E032281FD30DF0B3FB60600320F6E78F
:1018A0000DF0AEFB6168401AA06022784FF4C87159
:1018B000012A04D088420FD32573012070BD8842CD
:1018C000FAD2322808D92573022070BD257303206F
:1018D00070BD01E000B926730020F9E778B5002457
:1018E000009490F83C20012A19D0012280F83C2075
:1018F0000A6807230568092A13D9EE680A3A02EB39
:10190000420293409E43EE600B788A680A3B03EBE9
:1019100043039A400368DD682A43DA6010E002203E
:1019200078BD2E6902EB420293409E432E610B78F4
:101930008A6803EB43039A4003681D692A431A61CE
:101940004A681F23072A13D205686E6B521E02EBEA
:10195000820293409E436E630B790A885B1E92B2AB
:1019600003EB83039A4003685D6B2A435A6327E0C5
:1019700005680D2A12D22E6BD21F02EB8202934011
:101980009E432E630B790A88DB1F92B203EB83031D
:101990009A4003681D6B2A431A6311E0EE6A0D3A00
:1019A00002EB820293409E43EE620B790A880D3B64
:1019B00092B203EB83039A400368DD6A2A43DA623A
:1019C000164B0568144A9D4206D10D68122D03D1AD
:1019D000556845F48005556005689D4218D10B682F
:1019E000102B01D0112B13D1536843F40003536023
:1019F000096810290CD10A490A4A0968B1FBF2F1B9
:101A000001EB8101490000E0491E00910029FBD152
:101A100080F83C40002078BD0023014000200140B8
:101A20002C00002040420F0070477047704770B58F
:101A300004004FF0000503D0206C002610B107E031
:101A4000012070BD204600F01DF8666484F83C60FB
:101A5000206CC00610D4206C20F4885040F00200A6
:101A600020642046FFF79EF86664206C20F0020098
:101A700040F00100206400E0012584F83C60284625
:101A800070BD00002DE9F04786B006461421684677
:101A9000FEF742FC3548344C14383368002533498E
:101AA000032207154FF400684FF400594FF4807A71
:101AB000A34228D10B6843F480730B60096801F4DA
:101AC00080710591016841F0020101600068009297
:101AD00000F002000590CDE901256946244800F098
:101AE000BDFF254C234804F10C03C4E90005A560A3
:101AF00083E8A0072562204665622EE0B463A663F2
:101B000006B0BDE8F0871D4CA342F9D10B6843F441
:101B100000730B60096801F400710591016841F0E0
:101B2000010101600068694600F001000590022093
:101B30008DE82500124800F091FF0F4C0D486034ED
:101B4000303020604FF00070C4E9010504F10C034F
:101B5000204683E8A0072562656200F021FE002888
:101B6000CCD0FFF71CFDC9E70020014044380240FB
:101B70000004024010640240F803002000210140EC
:101B800000000240F8B5044600200E46009094F88C
:101B90003C10012907D0012184F83C1021688B6892
:101BA000DB0702D011E00220F8BD8B6843F001038F
:101BB0008B604049404B0968B1FBF3F101EB4101F7
:101BC00000E0491E00910029FBD121688B68DB05EC
:101BD00003D58B6823F480738B6021688B68DB07E7
:101BE0005DD0236C40F20165AB4343F48073236402
:101BF0004968490505D5216C21F4005141F4805113
:101C00002164216CC90404D5616C21F00601616472
:101C100000E0606484F83C00A16B2948274DC8634C
:101C2000A16B28480864A16B2748C86421686FF03D
:101C3000220008602068416841F0806141602068AE
:101C4000816841F4807181602168134632464C31CD
:101C5000A06B00F00FFE68681C49C006206806D023
:101C6000884224D1816811F0405F13D01FE0884280
:101C7000F8D0174A904203D1D1F80423D206F1D00C
:101C8000144A904213D1D1F8041301F01F01102916
:101C9000E8D30CE0816841F08041816007E0206C6E
:101CA00040F010002064606C40F00100606400208F
:101CB000F8BD00002C00002040420F00002301402E
:101CC000170B00089B0B0008850B00080020014043
:101CD000002101400022014090F82020012A07D075
:101CE000022A05D0416A41F48021416201207047F7
:101CF000006842690A43426100207047F0B590F8DD
:101D000020500468A468012D05D0022D03D0416A3B
:101D100041F4802157E014F0406F01D1E5004FD528
:101D2000C4F301640125A5401D608D684FF4C073A4
:101D30009DB1CE6835434E6845EAC605066803EB9B
:101D40000417F5514FF4C275076805EB04150E69C9
:101D50007E51097D012905D009E00E88CD6845EA4C
:101D60004655EBE701684E5946F480764E5111799D
:101D7000D579567941EA056195792D0445EA06251C
:101D800029434FF4C676056806EB0416A95111786D
:101D9000D57841EA0561957852782D0445EA02220A
:101DA00011434FF4C475026805EB041551510068E6
:101DB00003EB0411425842F0010242500020F0BDF2
:101DC000416A41F4001141620120F0BD10B590F864
:101DD0002020012A07D0022A05D0416A41F480213F
:101DE0004162012010BD3B48D0F8002242F00102C0
:101DF000C0F80022D0F8002222F47C52C0F8002261
:101E0000D0F800224B6A42EA0322C0F800220A7D81
:101E100002F01F0301229A40D0F81C329343C0F80D
:101E20001C32CB69B3B9D0F80C329343C0F80C32F2
:101E30008C894B6864F31F434C6900EBC404C4F8FD
:101E400040320C890B6864F31F434C6900EBC404F7
:101E5000C4F84432CB69012B16D1D0F80C321343AD
:101E6000C0F80C320C884B6864F31F434C6900EBDC
:101E7000C404C4F840320C89CB6864F31F434C6936
:101E800000EBC404C4F844328B69002BD0F8043250
:101E90000ED01343C0F804320B69002BD0F8143273
:101EA00008D01343C0F81432096A012904D008E0AD
:101EB0009343EFE79343F5E7D0F81C121143C0F8C2
:101EC0001C12D0F8001221F00101C0F8001200200D
:101ED00010BD000000640040704770B590F82040CD
:101EE000012C05D0022C03D0416A41F4802128E066
:101EF000046809B32469A40720D04FF4D874056896
:101F000004EB01142D5915F00405956005682D5951
:101F10001AD0ED08556005682C5904F00204D4600D
:101F20004FF4DA74056804EB01142E5906F00F061D
:101F3000082E0CD308250DE0E468DCE7416A41F483
:101F400000114162012070BD6D0D1560E3E72D5950
:101F500005F00F05156105682D59C5F30725956135
:101F600005682C59240C54614FF4DC72046802EBB0
:101F70000112A4581C700468A458240A5C700468F8
:101F8000A458240C9C700468A258120EDA704FF406
:101F9000DE72046802EB0112A4581C710468A45894
:101FA000240A5C710468A458240C9C710468A2582B
:101FB000120EDA71006829B1016941F02001016156
:101FC000002070BDC16841F02001C160F8E7024601
:101FD000002092F82010012901D002290CD11168AB
:101FE0008A68520100D501208A68120100D5401C80
:101FF0008968C90000D5401C70472DE9F05F05468F
:10200000006800244669D0F804908768D0F80CB0C6
:10201000D0F810A0D0F81880F10748D0F90714D0F4
:1020200001218160B80703D5284600F088FA0CE04A
:10203000780702D54FF4006407E0380702D54FF463
:10204000805402E0284600F079FAF80516D5296890
:102050004FF480708860B80503D5284600F071FA07
:102060000CE0780502D544F4005407E0380502D5A9
:1020700044F4804402E0284600F062FAF80316D5E2
:1020800029684FF480308860B80303D5284600F0F3
:102090005AFA0CE0780302D544F4004407E0380310
:1020A00002D544F4803402E0284600F04BFA3007B1
:1020B00007D55FEACB6004D52968102044F400748A
:1020C000C86070074FF0080707D55FEA0B7004D5AA
:1020D0002868C760284600F057F9B00706D5286879
:1020E000C068800702D0284600F050F9700607D576
:1020F0005FEACA6004D52968102044F4806408614E
:10210000B00607D55FEA0A7004D52868076128463B
:1021100000F0E4F9F00606D528680069800702D0CF
:10212000284600F0DCF9B00308D55FEAC96005D5A0
:10213000296810204860284600F0D2F9F00307D53E
:102140005FEA097004D528684760284600F0FCF96A
:10215000300446D55FEA497040D5F00504D55FEA02
:10216000C87001D044F00104B00504D55FEA88705E
:1021700001D544F00204700504D55FEA487001D52A
:1021800044F00404300529D518F0700F26D008F06B
:102190007000402815D006DC102809D020280AD06D
:1021A000302816D10AE050280ED0602811D10EE058
:1021B00044F008040DE044F010040AE044F0200468
:1021C00007E044F0400404E044F0800401E044F4FB
:1021D00080742868816921F0700181612968042078
:1021E0004860002C05D0686A204368622846FFF7E3
:1021F00073FEBDE8F09F70B5040003D094F8200092
:1022000010B104E0012070BD204600F081F8206884
:10221000016841F00101016000F02AFD0546052634
:1022200004E000F025FD401B0A2811D82068406812
:10223000C007F6D02068016821F00201016000F0BB
:1022400017FD05460BE000F013FD401B0A2806D9D8
:10225000606A40F40030606284F82060D2E7206851
:1022600040688007EFD4207E0128206801683DD0B7
:1022700021F080010160607E01282068016838D06B
:1022800021F040010160A07E01282068016833D060
:1022900021F020010160E07E0128206801682ED035
:1022A00041F010010160207F01282068016829D0D9
:1022B00021F008010160607F01282068016824D0B6
:1022C00021F004010160D4E902010843D4E90412B9
:1022D000114308436168491E08432168C861002012
:1022E0006062012084F82000002070BD41F0800170
:1022F000C0E741F04001C5E741F02001CAE721F005
:102300001001CFE741F00801D4E741F00401D9E71B
:1023100010B586B0044614216846FDF7FDFF174945
:102320002068884227D116480021026842F00072D6
:102330000260006800F000700590114810380268D3
:1023400042F0080202600068022200F008000590D6
:102350000320CDE90210CDE900020920049069466E
:10236000084800F07BFB00220521142000F04AFF02
:10237000142000F039FF06B010BD000000640040DA
:1023800040380240000C02407047000070B590B029
:102390000025019501AB04AA29460295FFF79DFD92
:1023A0000395002865D10698002862D10498454C11
:1023B000A0F5807181391AD0A0F50071023958D189
:1023C0009DF804100126227806FA01F010432070CF
:1023D000C1EBC1003C49089A08440DF10501521EA9
:1023E000FDF781FF2078C04380074AD05EE0374B7D
:1023F0000BAE0FCB86E80F00BDF8040040BA00B268
:1024000000EE100AF8EEC00A9FED310A80EE801A45
:102410008DED0C1ABDF80600B5EEC01A40BA00B238
:1024200000EE900AF8EEE01AC1EE800ACDED0D0A3A
:10243000BDF8080040BA00B201EE900AB8EEE12AF9
:10244000C2EE001AF1EE10FACDED0E1A13D1F5EE30
:10245000C00AF1EE10FA0ED1F5EEC01AF1EE10FA44
:1024600009D1A078401CC0B2A0700A2804D90A2063
:10247000A07010B070BDA57003A90BA807F0E6FC12
:1024800014E01448667005700F4825701938D0F8AC
:1024900019100161D0F81D10416190F821100176EA
:1024A000A0684168084819388847A0800398002828
:1024B000DFD009494FF080500860BFF34F8FBFF362
:1024C0006F8FD6E7E802002015EA0020A0FE000882
:1024D00000007A44DC02002004ED00E07047704701
:1024E0007047000070B5044690F82000012804D021
:1024F000606A40F40020606218E0022084F8200046
:102500002068016821F00101016000F0B1FB05467F
:102510000EE000BF00F0ACFB401B0A2808D9606A3F
:1025200040F400306062052084F82000012070BD76
:1025300020684068C007EDD1606270BD7047704789
:10254000704770477047704770472DE9F041044667
:10255000876D00F08DFB064694F8350000250228B3
:1025600006D08020606584F834500120BDE8F081F9
:102570002068016821F0160101602068416921F09E
:1025800080014161206C08B9A06C20B1206801680D
:1025900021F0080101602068016821F0010101605B
:1025A0000CE000F065FB801B052807D92020606542
:1025B000032084F8350084F83450D7E72068006899
:1025C000C007EED194F85C103F208840B86001202D
:1025D00084F8350084F834500020C7E790F83510AF
:1025E000022903D08021416501207047052180F830
:1025F00035100068016821F001010160002070477A
:102600002DE9F84304464FF00009CDF800906348E7
:102610004FF41651A56D0068B0FBF1F72E6894F8E1
:102620005C10082000FA01F131420FD021680A68DD
:1026300052070BD50A6822F004020A6094F85C1075
:102640008840A860606D40F00100606594F85C10FF
:102650004FF0010808FA01F0304208D021684969BA
:10266000090604D5A860606D40F00200606594F82A
:102670005C1004208840304208D02168096889072E
:1026800004D5A860606D40F00400606594F85C10AB
:1026900010208840304218D021680968090714D5F5
:1026A000A86020680168490304D50068000308D5C4
:1026B000A16C07E00168C90503D4016821F0080195
:1026C0000160216C09B12046884794F85C102020F5
:1026D0008840304231D021680968C9062DD5A860EC
:1026E00094F8350005282068016806D0490347D5CD
:1026F000006800031DD4616C1CE021F0160101602C
:102700002068416921F080014161206C08B9A06C0A
:1027100020B12068016821F00801016094F85C1084
:102720003F208840A86084F8358084F83490216D7B
:102730001FE0E16B09B120468847606D00282BD06F
:10274000606DC00714D0052084F83500206801684A
:1027500021F0010101600098401C0090B84203D8AC
:1027600020680068C007F6D184F8358084F834907A
:10277000E16C002910D001B02046BDE8F0430847C5
:102780000168C905D5D4016821F01001016084F801
:10279000358084F83490CCE7BDE8F8832C00002025
:1027A0002DE9F041044600F063FA06465CB10220D0
:1027B00084F83500002584F834502068016821F041
:1027C000010101600DE00120BDE8F08100F050FA48
:1027D000801B052805D920206065032084F835007A
:1027E000F2E720680068C007F0D12268116820482D
:1027F0000140D4E901031843D4E9033633431843B5
:1028000063691843A3691843E3691843236A1843AB
:102810000843616A042903D1D4E90B13194308431F
:10282000106020684069666A20F0070130460E4358
:10283000012704280CD1A06A0643E06A40B1204673
:10284000FEF7FAFD20B14020606584F83570BAE7E4
:10285000206846612046FEF7DBFD94F85C203F21AE
:1028600091408160656584F835700020ACE7000018
:102870003F8010F02DE9F0410446866D90F8340059
:10288000002501280DD0012084F8340094F835701B
:102890000020012F07D084F8340002252846BDE827
:1028A000F0810220FBE7022784F83570606520463E
:1028B000FEF7ECFD94F85C103F208840B060206883
:1028C000016841F016010160206C20B120680168A8
:1028D00041F0080101602068016841F001010160D8
:1028E000DCE7000070B5044600F0C2F90546601C44
:1028F00002D004480078044400F0BAF9401BA0421A
:10290000FAD370BD200000202DE9F047044622488C
:102910000F46017E01290AD00121804601764CF242
:1029200050394846FEF76AFF020003D02FE002202C
:10293000BDE8F0874FF0FF3038602068174D012860
:1029400001D0A6681CE0207C6168FEF7C5FE484601
:10295000FEF754FF0246286820F00400286014E0C7
:10296000217C3046FEF766FE4846FEF747FF020030
:10297000286820F0FA00286001D03E6005E0761C4F
:10298000D4E902100844B042EAD8FEF77BFE0021E9
:1029900088F818101046CBE7980A0020103C024037
:1029A0000348016841F000410160002070470000C9
:1029B000103C02402DE9F0471B4E05461446307E80
:1029C0001F468946012808D0012030764CF2503845
:1029D0004046FEF713FF18B114E00220BDE8F0876F
:1029E0009DB1012D16D0022D19D022463B464846F6
:1029F000FEF796FE4046FEF701FF0C490A6822F0FA
:102A000001020A6000213176E8E7E1B24846FEF7AC
:102A100077FEEFE7A1B24846FEF798FEEAE72146C7
:102A20004846FEF7A5FEE5E7980A0020103C024064
:102A3000074900200A68002A09DA054A054B0C3AC2
:102A40001360054B13600968002900DA0120704704
:102A5000103C024023016745AB89EFCD2DE9F84FCB
:102A6000DFF8BCA10022012503264FF00F090AF16F
:102A7000040BAAF1040E00BF0B6805FA02F4234010
:102A8000A34270D10F7907F00307012F01D0022F65
:102A900016D187684FEA420806FA08FC27EA0C07B5
:102AA000D1F80CC00CFA08FC4CEA070CC0F808C0BE
:102AB0004768A7430C79C4F3001494403C43446036
:102AC0000C79E443A4070AD0C4684FEA420C06FA22
:102AD0000CF7BC438F6807FA0CF72743C7600C79E3
:102AE00004F00304022C12D1D40800EB840CDCF8AF
:102AF00020405707FF0E09FA07F824EA0804D1F826
:102B0000108008FA07F848EA0408CCF82080046826
:102B10004FEA420C06FA0CF7BC430F7907F00307A3
:102B200007FA0CF7274307604C6814F4403F70D055
:102B30003C4C276847F480472760246822F003074D
:102B400004F480440094384C07EB040CDCF808488B
:102B500097074FEA177809FA08F7BC43334FB84292
:102B600002D1002724E054E0314FB84201D10127BF
:102B70001EE0304FB84201D1022719E02E4FB84273
:102B800001D1032714E02D4FB84201D104270FE0F3
:102B90002B4FB84201D105270AE02A4FB84201D194
:102BA000062705E0284FB84201D1072700E0082793
:102BB00007FA08F72743CCF80878DAF800405746B8
:102BC000D1F804C09C435FEACC2C00D51C433C6088
:102BD000DBF800405F46D1F804C09C435FEA8C2CD0
:102BE00000D51C433C60DEF800407746D1F804C0B5
:102BF0009C435FEA8C3C00D51C433C60084F083F77
:102C00003C68D1F804C09C435FEACC3C00D51C432F
:102C10003C60521C102AFFF42FAFBDE8F88F000073
:102C2000083C0140443802400030014000000240AE
:102C30000004024000080240000C02400010024064
:102C40000014024000180240001C024000690840C5
:102C500000D001207047426921EA02030A4043EA9A
:102C60000241816170470AB1816170470904FBE745
:102C7000014880687047000020000020D0F8DC0385
:102C800006F011B8D0F8DC0306F022B8006806F0B0
:102C9000E3BC006806F0E4BCC1EB011100EB81006D
:102CA000002200F81A2F4270C272827210467047DA
:102CB000C1EB011100EB810090F84C007047C1EBB3
:102CC000011100EB8100806B704710B5044690F84D
:102CD000D403012809D0012084F8D403206806F029
:102CE000CAFC002084F8D40310BD022010BD2DE9D9
:102CF000FF4F83B00546DDE9117690F8D403DDF887
:102D0000408093468A4601281CD0CAEB0A11012351
:102D100005EB810485F8D4334FF0000984F819904D
:102D20000698207584F815A084F826700BF07F00B3
:102D3000A07551462846FFF7AFFF5FEA0B6005D547
:102D4000E37505E0022007B0BDE8F08F84F8179026
:102D5000286806F085FC012F06D1B8F1010F03D1D8
:102D600010B9BC2E00D9BC2684F81880B0B22085DA
:102D7000CDF80080CDE9017028685A465146069B7F
:102D800006F0E4FC85F8D493DDE7D0F8DC0306F028
:102D900017B82DE9F0030E46DDE906C9DDE9087430
:102DA000C1EB061100EB81010225CA7581F82630BE
:102DB000BCF1000F0AD081F82A50002463B1012B26
:102DC00031D0022B28D0032B16D125E04FF0030879
:102DD00081F82A804C76F0E7BCF1010F0CD11AB1D2
:102DE0008A7E012A19D007E0D7B9012281F83D2057
:102DF00000E0C2B181F82A50C1F82C904F6381F8ED
:102E00004C408C634E7581F84D4082790068BDE876
:102E1000F003143106F02ABD12B191F83C20E8E726
:102E200091F83D20E5E781F82A40E5E72DE9F041FA
:102E300006680446304606F01AFC012877D120685F
:102E400006F0D0FE002872D0206806F0CBFE80028B
:102E500003D521684FF400104861206806F0C2FED7
:102E6000C00203D521684FF480104861206806F045
:102E7000B9FE400103D521684FF0806048612068A9
:102E800006F0B0FE800702D5216802204861206864
:102E900006F0A8FE800018D521684FF00050486168
:102EA000D6F84004C00710D11021304606F096FB3A
:102EB000304606F077FB607A022803D101212068B2
:102EC00006F06CFE2046FFF7DDFE206806F08AFE65
:102ED000C00102D5204602F024F9206806F082FEE7
:102EE000000705D5204600F0C8F821680820486191
:102EF000206806F077FE800124D5206806F0B2FC39
:102F0000074600254FF0010815E000BF05F00F014E
:102F100008FA01F038420DD006EB4510D0F8000554
:102F2000E9B20004204603D501F0C2FD02E01CE036
:102F300001F07CFF6D1C6079A842E7D821684FF052
:102F400000704861206806F04DFEC043C0060CD4F6
:102F50002068816921F010018161204602F02BF97F
:102F60002068816941F010018161BDE8F081F8B508
:102F7000040005D094F8D5032568002610B106E0BA
:102F80000120F8BD84F8D463204600F029F803201E
:102F900084F8D503B5F1A04F00D1A671206806F0E2
:102FA000CDFA207C8DF8000094E80F0006F066FA58
:102FB000022560B90121206806F050FE38B9207C56
:102FC0008DF8000094E80F0006F080FD10B184F841
:102FD000D553D5E7012084F8D5030020F8BD0000C3
:102FE00010B586B0044614216846FDF795F92068AF
:102FF000B0F1A04F2FD119480021026842F0010220
:103000000260006800F0010005904FF4C05000908D
:103010000220CDE90101032003900A2004906946B3
:103020000F48FFF71BFD0D48001D016841F08001AE
:1030300001600A481430016841F480410160006871
:10304000002200F4804005900521432000F0DAF8CA
:10305000432000F0C9F806B010BD0000303802402F
:1030600000000240D0F8DC0305F0C7BED0F8DC0356
:1030700005F0C7BE006806F0D8BDD0F8DC0305F047
:1030800067BE10B5044690F8D40301280DD0012086
:1030900084F8D4030121206806F068FA206806F05D
:1030A0007BFA002084F8D40310BD022010BD10B5B7
:1030B000044690F8D403012809D0012084F8D403F1
:1030C000206806F0F9FD002084F8D40310BD02202A
:1030D00010BD000002488168027811448160704789
:1030E000200000200B4810B5016841F40071016018
:1030F000016841F480610160016841F48071016000
:10310000032000F09FF8002000F006F800F050F8CF
:10311000002010BD003C024030B505461F4887B076
:103120000024016841F020010160006806A900F058
:103130002000009001A800F031F90498A8B100F037
:103140004DF940001649174AB0FBF1F11648491EE7
:10315000026040F2E732C0E90324C0E9011484614F
:1031600000F0B6FB040003D015E000F037F9E9E702
:103170000D4800F053FC04000DD1372000F034F866
:10318000102D07D200222946372000F03BF80748CF
:10319000056000E0012407B0204630BD4038024001
:1031A00040420F0000140040500A0020240000207C
:1031B0000C4882B0016841F480410160006800F46D
:1031C000804000900748001F016841F08051016075
:1031D0000068002200F0805000900F21901E02B085
:1031E00000F010B844380240002809DB00F01F024C
:1031F000012191404009800000F1E020C0F8001159
:1032000070470000F0B40E4B1B680C46C3F302235A
:10321000C3F10705042D00D90425191D072901D282
:10322000002300E0DB1E012606FA05F1491E2140BD
:1032300099409E40761E16403143F0BC06F0A5BF73
:103240000CED00E0064900F0070208684FF6FF03A6
:10325000184040EA0220034A10430860704700000B
:103260000CED00E00000FA052DE9F0470E460500E0
:1032700065D0DFF81481D8F80000F7B200F007003D
:10328000B04207D288F80070D8F8000000F00700BC
:10329000B04254D128683D4C810712D5400703D570
:1032A000206840F4E05020602878000703D52068AB
:1032B00040F4604020602068A96820F0F0000843D6
:1032C00020602878C0072DD0304968680839012867
:1032D00012D0022813D0032811D0096889070029C9
:1032E0002DDA216821F0030101432160FFF7C0FCC2
:1032F000814641F2883A0EE009688903EFE70968E0
:103300008901ECE7FFF7B4FCA0EB0901514502D9B4
:103310000320BDE8F0872068696800F00C00B0EB7E
:10332000810FEFD1D8F80010404601F00701B142FB
:1033300007D90770006800F00700B04201D00120F3
:10334000E7E72878400705D52068E96820F4E050D1
:10335000084320602878000706D52068296920F4F2
:10336000604040EAC100206000F058F82168084A37
:10337000C1F30311515CC840064908600648006863
:10338000FFF7CAFE0020C4E7003C024008380240B4
:1033900004F400082C000020240000200F2202600A
:1033A0000C4A136803F003034360136803F0F0034F
:1033B0008360136803F4E053C36012684FF4E05372
:1033C00003EAD20202610448006800F007000860C6
:1033D0007047000008380240003C0240044805499C
:1033E00000680968044AC1F38221515CC8407047F3
:1033F0002C0000200838024014F400080448054955
:1034000000680968044AC1F34231515CC840704702
:103410002C0000200838024014F40008154810B5AC
:10342000006810F00C02144813D04110042A0FD089
:10343000082A0ED10F4C241F2268236802F03F0295
:103440005B0207D52068C0F38810A0FB010106E0ED
:10345000084610BD2168C1F38811A1FB00010023BB
:10346000FCF710FF2168C1F30141491C4900B0FB82
:10347000F1F010BD083802400024F4002DE9F84FA7
:1034800004006ED02078DFF84C93C007A9F1040542
:103490004AD009F104000168C1F38101012908D073
:1034A0000068C0F3810002280AD1D9F80000400268
:1034B00006D52868800337D560680028E1D033E05E
:1034C0006068B0F5803F10D0B0F5A02F286810D00C
:1034D00020F480302860286820F48020286060680C
:1034E000A8B1FFF7C5FB06460DE0286840F4803020
:1034F000F4E740F480202860F7E700BFFFF7B8FB4F
:10350000801B642873D828688003F7D50CE0FFF788
:10351000AFFB064605E000BFFFF7AAFB801B64284F
:10352000F0D828688003F7D42078DFF8AC828007D1
:103530004FF0000A3ED5A748001D016811F00C0F9E
:1035400008D00068C0F3810002280BD1D9F8000030
:10355000400207D42868800716D5E068012800D10A
:1035600012E033E1E068B8B10120C8F80000FFF7CD
:103570007FFB064605E000BFFFF77AFB801B0228B1
:10358000C0D828688007F7D52868216920F0F8009E
:1035900040EAC10028600DE0C8F800A0FFF768FB12
:1035A000064604E0FFF764FB801B02281FD828684A
:1035B0008007F7D42078000722D5864F87486169B5
:1035C000703771B101210160FFF752FB064604E03C
:1035D000FFF74EFB801B022809D838688007F7D513
:1035E0000EE0C0F800A0FFF743FB064605E082E0CE
:1035F000FFF73EFB801B02287DD838688007F7D490
:103600002078400768D5DFF8CCB100270BF13C0BE0
:10361000DBF80000C0000BD4DBF8001041F0805153
:10362000CBF80010DBF80000012700F0805000907C
:103630006B4E3068C00510D4306840F48070306044
:10364000FFF716FB009005E0FFF712FB0099401A08
:10365000022850D83068C005F6D55E4EA0686C369A
:1036600001280FD00528306810D020F0010030600C
:10367000306820F004003060A068B8B1FFF7F8FAB5
:1036800000900FE0306840F00100F4E740F00400E3
:103690003060F7E7FFF7ECFA0099411A41F2883001
:1036A000814266D830688007F4D50EE0FFF7E0FA73
:1036B000009007E0FFF7DCFA0099411A41F28830E8
:1036C000814256D830688007F4D42FB1DBF800105F
:1036D00021F08051CBF80010A069C8B33D49091D05
:1036E0000968C1F3810102294AD00228504607D057
:1036F000C8F8600000E03CE0FFF7BAFA04463BE09F
:103700004746C8F86000FFF7B3FA064605E000BF79
:10371000FFF7AEFA801B02282BD828688001F7D467
:10372000D4E907010843A16A2E4A490802EB014186
:10373000626A41EA8211084394F82C1040EA016160
:10374000C9F8001001203866FFF792FA044606E037
:103750003EE000BFFFF78CFA001B022809D828685A
:103760008001F7D534E000BFFFF782FA001B022882
:1037700002D90320BDE8F88F28688001F4D427E03F
:103780000128F7D0D9F80000E26900F480019142E5
:103790001CD1226A00F03F01914217D147F6C07157
:1037A000626A0140B1EB821F10D1A26A4FF0FF3371
:1037B00000F4403103EB5202B1EB024F06D194F812
:1037C0002C1000F07060B0EB016F01D00120D1E748
:1037D0000020CFE70438024000004742800E4742F5
:1037E000007000400000FFFF7047704710B590F870
:1037F0003C20012A22D0012280F83C20CA688C6833
:1038000022F4407222434C6822F4806222430C6806
:1038100022F4006222430C6922F4805222434C6954
:1038200022F400522243C969002322F480420A4351
:1038300001684A6480F83C30002010BD022010BDB1
:1038400070B590F83C20012A32D0012480F83C4029
:10385000022280F83D2003685A689D6822F07006B5
:103860000A6832435A60134B02689A4214D0B2F18C
:10387000804F11D0104B9A420ED0104B9A420BD071
:103880000F4B9A4208D00F4B9A4205D00E4B9A42EA
:1038900002D00E4B9A4204D1496825F080031943A7
:1038A000916080F83D40002180F83C10084670BDD2
:1038B000022070BD000001400004004000080040EC
:1038C000000C00400004014000400140001800408E
:1038D00010B5040003D094F83D0010B107E00120BA
:1038E00010BD002084F83C00204600F01FF80220A4
:1038F00084F83D00211D206803F022FF012084F898
:10390000460084F83E0084F83F0084F8400084F8C4
:10391000410084F8420084F8430084F8440084F8AD
:10392000450084F83D00002010BD000008B5184A8D
:1039300001681848914207D1016841F00101016016
:10394000006800F001000BE0134A91420AD11148CF
:10395000001F016841F010010160006800F01000D4
:10396000009008BD0D4A914207D1016841F4003131
:103970000160006800F40030F2E7094A9142F0D19A
:10398000016841F480210160006800F48020E7E7CD
:103990000000014044380240001000400044014053
:1039A0000048014090F83D10012901D001207047E6
:1039B000022180F83D1000681149884214D0B0F10E
:1039C000804F11D00F4988420ED00F4988420BD04A
:1039D0000E49884208D00E49884205D00D498842D8
:1039E00002D00D49884204D1816801F007010629FF
:1039F00003D0016841F00101016000207047000020
:103A0000000001400004004000080040000C00409D
:103A100000040140004001400018004090F83D10B3
:103A2000012901D001207047022180F83D10016872
:103A3000CA6842F00102CA6000681149884214D085
:103A4000B0F1804F11D00F4988420ED00E49884204
:103A50000BD00E49884208D00D49884205D00D4947
:103A6000884202D00C49884204D1816801F00701E4
:103A7000062903D0016841F0010101600020704770
:103A8000000001400004004000080040000C00401D
:103A900000040140004001400018004070B5044699
:103AA00090F83C000025012817D0012684F83C60DE
:103AB000022084F83D002068826822F0770222F418
:103AC0007F4282600868502838D00DDC20284FD013
:103AD00005DC90B3102811D14AE0022070BD3028D7
:103AE00046D040280AD13BE060282FD070280DD066
:103AF000B0F5805F03D0B0F5005F12D0012584F8E7
:103B00003D60002084F83C00284670BDCB68D1E9B8
:103B10000121206803F08DFE2068816841F0770163
:103B200009E0CB68D1E90121206803F082FE20681A
:103B3000816841F480418160E1E719E0CA68496821
:103B4000206803F04BFF5021206806E0CA684968EE
:103B5000206803F054FF6021206803F074FECEE774
:103B6000CA684968206803F039FF40212068F4E7FB
:103B7000226801461046F0E72DE9F0410D460400A9
:103B800003D094F83D0018B108E00120BDE8F081B1
:103B9000002084F83C00204600F040F8022084F821
:103BA0003D002068816844F2070291438160211D35
:103BB000206803F0C5FD226890689169166A2B6839
:103BC000AF69034340F20330814341EA0721A8680B
:103BD000EF6908434FF6FC418843E96840EA072053
:103BE000014328692F6A000140EA073008436968E9
:103BF0006D6926F0AA0646EA0515294393602268F6
:103C0000906154F8460B0162012004F81F09E07529
:103C10002076E0762077A0750020B7E7F0B587B072
:103C2000044614216846FCF777FB354922680024D6
:103C3000334810390225334EB2F1804F14D0324B45
:103C40009A4241D1026842F002020260006800F02C
:103C500002000590086840F002000860086800F063
:103C600002000590302043E0026842F00102026049
:103C7000006800F001000590086840F0010008604D
:103C8000086800F001000590086840F00200086034
:103C90000868012700F0020005904FF400400090F2
:103CA000CDE90154CDE9034769461848FEF7D6FE31
:103CB00008200090CDE90154CDE90347694630461C
:103CC000FEF7CCFE07B0F0BD114B9A42FAD1026864
:103CD00042F004020260006800F0040005900868E9
:103CE00040F002000860086800F002000590C02063
:103CF0000090CDE9015469463046CDE90345DFE740
:103D0000403802400004024000040040000002402D
:103D10000008004070B590F83E60044690F83F50AF
:103D200090F8423090F84320022021B104290ED0AF
:103D3000012E1BD114E0012E18D1012B16D184F8CD
:103D40003E0084F8420001220021206820E0012D7D
:103D50000CD1012A0AD184F83F0084F8430014E012
:103D6000012D03D1012B01D1012A01D0012070BD09
:103D700084F83E0084F83F0084F8420084F8430051
:103D800001220021206803F047FD01220421206860
:103D900003F042FD2068016841F00101016000204C
:103DA00070BD70472DE9F04104460068C66805699A
:103DB0004FF00007A90713D5B10711D5F91E01610E
:103DC00001202077206880698007204602D0FFF715
:103DD000E8FF04E000F035F9204600F035FA2777D7
:103DE000680716D5700714D521686FF004000861C4
:103DF000022020772068806910F4407F204602D09E
:103E0000FFF7CFFF04E000F01CF9204600F01CFA99
:103E10002777280715D5300713D521686FF00800DC
:103E20000861042020772068C0698007204602D0FE
:103E3000FFF7B7FF04E000F004F9204600F004FAB1
:103E40002777E80616D5F00614D521686FF0100024
:103E50000861082020772068C06910F4407F204660
:103E600002D0FFF79EFF04E000F0EBF8204600F0E0
:103E7000EBF92777E80708D0F00706D021686FF044
:103E800001000861204600F045FA280608D53006F2
:103E900006D521686FF0800008612046FFF7A4FC7A
:103EA000680608D5700606D521686FF040000861E5
:103EB000204600F039FAA8060AD5B00608D52168D0
:103EC0006FF0200008612046BDE8F041FFF78DBC8F
:103ED000BDE8F08170B586B0044614216846FCF751
:103EE0001BFA2468384D0022384902233848AC4276
:103EF00010D10A6842F010020A600968029301F0CA
:103F0000100105914FF4D441CDE900130121CDE911
:103F1000033157E02F4E0325B44213D1086840F017
:103F2000040008600868694600F00400059040201D
:103F30000090CDE9013228482FE000BFFEF78EFD4A
:103F400006B070BD254EB44209D10C6844F010048F
:103F50000C60096801F010010591602119E0204E04
:103F60002048B44209D10C6844F002040C6009688E
:103F700001F00201059181150BE01B4EB4420FD1F7
:103F80000C6844F002040C60096801F0020105911C
:103F900071150091CDE901326946CDE90325CDE7E0
:103FA000124DAC42CCD10C6844F002040C6009689C
:103FB00001F002010591E9130091CDE901320921D7
:103FC000CDE903216946B9E70000014030380240DD
:103FD000001002400004014000080240004001407F
:103FE0000044014000040240004801400018004025
:103FF00070B5044690F83C00002501280FD0012040
:1040000084F83C006AB1042A0FD0082A11D00C2A87
:1040100013D00125002084F83C00284670BD022002
:1040200070BD206803F018FCF4E7206803F044FC3E
:10403000F0E7206803F076FCECE7206803F0A6FCCC
:10404000E8E7704710B5040003D094F83D0010B1C4
:1040500007E0012010BD002084F83C00204600F05D
:104060001FF8022084F83D00211D206803F068FB42
:10407000012084F8460084F83E0084F83F0084F86C
:10408000400084F8410084F8420084F8430084F83A
:10409000440084F8450084F83D00002010BD000075
:1040A00008B500680B49884212D10B48016841F0FD
:1040B000020101600068002200F00200009005216A
:1040C0002E20FFF79FF8BDE808402E20FFF78CB8A0
:1040D00008BD0000000401404438024070B50446A9
:1040E00090F83C0000260D4601280FD0012084F8EE
:1040F0003C006AB1042A1DD0082A2FD00C2A3FD0D8
:104100000126002084F83C00304670BD022070BDBE
:10411000206803F0A1FB2068816941F008018161FA
:104120002068816921F004018161206881692A6920
:10413000114311E0206803F0BFFB2068816941F45E
:10414000006181612068816921F48061816120685A
:1041500081692A6941EA02218161D2E7206803F07E
:10416000E1FB2068C16941F00801C1612068C169B3
:1041700021F00401C1612068C1692A69114311E07D
:10418000206803F003FC2068C16941F40061C1614B
:104190002068C16921F48061C1612068C1692A6910
:1041A00041EA0221C161ACE710B5040003D094F8E4
:1041B0003D0010B107E0012010BD002084F83C0054
:1041C000204600F01FF8022084F83D00211D2068E1
:1041D00003F0B6FA012084F8460084F83E0084F823
:1041E0003F0084F8400084F8410084F8420084F8DD
:1041F000430084F8440084F8450084F83D00002022
:1042000010BD000008B500680C49884208D10C4870
:10421000016841F480310160006800F480300BE0F7
:104220000849884209D10648001F016841F0400151
:104230000160006800F04000009008BD00400140AF
:1042400044380240001800407047000010B5044692
:10425000022249B104290ED0082913D094F8410054
:10426000012816D0012010BD94F83E000128F9D194
:1042700084F83E200FE094F83F000128F2D184F842
:104280003F2008E094F840000128EBD184F840205A
:1042900001E084F841200122206803F0BDFA1649AC
:1042A0002068164A884201D0904203D1436C43F4FF
:1042B000004343642068884213D0B0F1804F10D08F
:1042C0000F4988420DD00F4988420AD00E498842D2
:1042D00007D0904205D00D49884202D00C4988424F
:1042E00004D1816801F00701062903D0016841F07B
:1042F00001010160002010BD0000014000040140E8
:104300000004004000080040000C00400040014054
:104310000018004000680349884201D1FEF7DABE68
:104320007047000000140040704738B5044690F80C
:104330004200202801D0022038BD61B15AB10120CD
:10434000206300206063204603F00EFD0028F3D1B7
:10435000216B012901D0012038BD21680A68496814
:10436000009121680C3151E8002F42F0100241E821
:104370000023002BF5D138BD08B500220092114A68
:1043800090421ED190F8420020281AD10E480068B1
:1043900038B10E4A0023A2F8C8106A460B490AF049
:1043A00089FBC82209490748FFF7BFFF009800288A
:1043B00007D007494FF080500860BFF34F8FBFF31D
:1043C0006F8F08BDB00700201400002040E60020D9
:1043D00004ED00E070470000F8B501680446086885
:1043E000CA684B6910F00F0F4FF0000559D003F069
:1043F000010602F49077374365D0C10705D0D10597
:1044000003D5616C41F001016164410705D5D9070D
:1044100003D0616C41F002016164810705D5D907C1
:1044200003D0616C41F004016164010707D502F01B
:104430002001314303D0616C41F008016164616C7B
:1044400000293AD0800604D5900602D5204603F014
:10445000A3FB20684069616CC0F38010090700D499
:1044600060B3204603F063FB20684069400621D515
:104470002068143050E8001F21F0400140E800128D
:10448000002AF5D1E06BA8B16E490165E06BFEF73B
:10449000A5F8002811D0E06B016D01B0BDE8F04037
:1044A000084783060FD593060DD52046BDE8F84092
:1044B00003F072BB2046FFF78DFFF8BD2046FFF7E3
:1044C00089FF6564F8BD266B2023012E7DD1C606C9
:1044D0007BD5D60679D508684868009048694FF0C2
:1044E0000206400641D5E16B086840680004000CF4
:1044F000E8D0A28D8242E5D9E085C869B0F5807F19
:104500002DD020680C3050E8001F21F4807140E865
:104510000012002AF5D12068143050E8001F21F065
:10452000010140E80012002AF5D12068143050E85B
:10453000001F21F0400140E80012002AF5D184F864
:104540004230256320680C3050E8001F21F0100134
:1045500040E80012002AF5D1E06BFDF7F6FF666334
:10456000A08DE18D401A81B22AE0A08DE18D401A24
:1045700081B2E08D0028A5D00029A3D022680C329A
:1045800052E8000F20F4907042E80007002FF5D1A8
:104590002068143050E8002F22F0010240E8002784
:1045A000002FF5D184F84230256320680C3050E8A4
:1045B000002F22F0100240E80023002BF5D16663A3
:1045C0002046FFF7D9FEF8BDFFE705062BD51506F7
:1045D00029D594F841002128F5D1A068B0F5805F75
:1045E00001D12069B0B1206A411C216221680078A4
:1045F0004860E08C401E0004000CE084E3D1206899
:10460000C16821F08001C1602068C16841F04001AB
:10461000C160D8E7206A0088C0F308004860206ABB
:10462000801C2062E5E74006CDD55006CBD5CA6890
:10463000204622F04002CA6084F8413000F037FA88
:10464000C1E70000317A000870B5040004D094F886
:104650004100002510B106E0012070BD84F84050F3
:10466000204600F023F8242084F841002068C16827
:1046700021F40051C160204603F0F0FA206801697E
:1046800021F4904101612068416921F02A014161D2
:104690002068C16841F40051C1606564202084F83D
:1046A000410084F842006563002070BD2DE9F04FA1
:1046B00087B0054614216846FBF72EFE9F48DFF8B9
:1046C000788210380221D5F800C000249B4B0322C9
:1046D000DFF86CB28E060715C44557D1D3F800C079
:1046E0004CF4801CC3F800C01B6803F480130593CE
:1046F000036843F004030360036803F004030593B5
:10470000036843F0080303600068894600F008006E
:104710000590C802CDE900090DF1080C90464FF054
:10472000080A8CE8100569468648FEF797F90420C8
:10473000CDE900090DF10809694689E810055846D8
:10474000FEF78CF9DFF804827F494046C8F8001074
:10475000C0E90164C0E90347C8F81440C8F818402C
:10476000C8F81C40C8F82040C8F82440FEF718F8E4
:1047700008B1FCF714FFC5F83C8000220521352064
:10478000C8F83850FEF73EFD352048E0DFF8C0811C
:104790004FF007094FF0400AC44545D1674B1B1D38
:1047A000D3F800C04CF0100CC3F800C01B6803F035
:1047B00010030593036843F001030360006800F0F1
:1047C000010005904FF4C0608DE81300CDE9032986
:1047D00069466048FEF742F9DFF870815E4908F1EA
:1047E00060084046C0E90347C8F81440C8F81840BC
:1047F000C8F81C40C8F8204088E84204C8F82440A3
:10480000FDF7CEFF08B1FCF7CAFEC5F838800022DC
:1048100005212520C8F83850FEF7F4FC2520FEF7C6
:10482000E3FC07B0BDE8F08FDFF83081C4453FD12D
:10483000D3F800C04CF4003CC3F800C01B6803F47C
:1048400000330593036843F008030360006800F039
:104850000800059060208DE81300CDE90329694622
:104860005846FEF7FBF8DFF8E480374908F1C00846
:1048700040469031C0E90347C8F81440C8F81840D2
:10488000C8F81C40C8F8204088E84204C8F8244012
:10489000FDF786FF08B1FCF782FEC5F838800022DC
:1048A00005212620C8F83850FEF7ACFC2620B6E7D4
:1048B000DFF8AC80C445B4D1D3F800C04CF4802CF0
:1048C000C3F800C01B6803F480230593036843F01A
:1048D00008030360006800F0080005904FF4407082
:1048E0008DE81300CDE9032969465846FEF7B6F86E
:1048F000DFF87080144940464831C0E90347C8F8E2
:104900001440C8F81840C8F81C40C8F8204088E88F
:104910004204C8F82440FDF743FF08B1FCF73FFE0E
:10492000C5F83880002205212720C8F83850FEF746
:1049300069FC272073E70000005000404038024027
:10494000000C02400008024010600240D008002025
:104950000010014000000240B864024000440040E2
:1049600000480040F009002090F84230202B01D090
:104970000220704721B11AB10023036303F03CBA4F
:104980000120704738B500210091184988420BD1A9
:104990001748006820B100236A4616490AF08AF8D1
:1049A00001221449114813E0134988421DD1134CC8
:1049B000012020701248006838B100236A4611496E
:1049C0000AF078F80AF022FB606001220D490A48DB
:1049D000FFF7CAFF0098002807D00B494FF080501E
:1049E0000860BFF34F8FBFF36F8F38BD40080020C2
:1049F0000C0000200400002088080020E0020020B5
:104A0000100000200500002004ED00E070472DE9B3
:104A1000F843044690F84100984616460D46202873
:104A200002D00220BDE8F88385B17EB10020606429
:104A3000212084F84100FEF71BF9A6848146E68414
:104A4000A0682027B0F5805F02D003E00120E9E7ED
:104A5000206910B12E4600250EE000260CE08021D2
:104A6000204603F0E4F9A8B9C6B116F8010B216895
:104A70004860E08C401EE084E08C4B464FF0000222
:104A8000CDF800800028EAD14FF04001204603F025
:104A9000CEF940B184F841700320C3E735F8020B2A
:104AA000C0F30800E3E784F841700020BAE77047DC
:104AB0002DE9F05F054600680E46074605F08AF8C6
:104AC000C6EB061140074FF007084FF0040905EB4D
:104AD000810401D5484633E03146286805F07AF86C
:104AE000C0054FF0080A08D507EB46114FF4807057
:104AF000C1F8080584F84DA028E03146286805F083
:104B000069F8000705D507EB4611C1F808A506208E
:104B10000CE03146286805F05DF8400509D507EB43
:104B200046114FF48060C1F80805092084F84D0053
:104B30000CE03146286805F04DF800060AD58020C3
:104B400007EB4611C1F8080584F84D803146286806
:104B500004F091FD3146286805F03CF8800528688E
:104B6000314604D504F087FD4FF4007059E105F09B
:104B700031F8C0074FF0200B4FF0010A4FF000084A
:104B80004ED007EB4617C7F808B5E07E012807D1DD
:104B900084F81B80D7F8040520F48030C7F804059A
:104BA000A87930B1206BD7F81015C1F31201401A63
:104BB000A06384F84DA0C4F844805246C7F808A505
:104BC00094F8260030B1022804D003280AD0012826
:104BD00008D013E03146286804F04DFD1020C7F8D6
:104BE00008050BE0D7F8000540F00050C7F80005B5
:104BF00084F84C2031462846FEF7C7F8A8790128EA
:104C000007D1208DA16B0144491EB1FBF0F0C00714
:104C100004D014F83C0F80F001002070BDE8F09F34
:104C20003146286804F0D6FF80060CD507EB461104
:104C3000C1F808B5A07E0128F0D184F81BA003209C
:104C400084F84D00B4E03146286804F0C3FF8007C3
:104C50004FF0050B75D507EB46100221C0F808157B
:104C600094F84D20012A16D0062A19D0072A1CD004
:104C7000092A1AD0052A33D0032A63D0042A7DD00A
:104C8000082A7ED0022AC9D094F84C203146284602
:104C9000FEF77BF8C2E784F84D1084F84CA0F3E7E8
:104CA00084F84D1084F84CB0EEE784F84D10626C37
:104CB000521C6264022A10D9C4F84480A27E414684
:104CC000012A07D1E1762177D0F8041521F480314B
:104CD000C0F8041584F84C90D6E784F84C1022E014
:104CE00084F84D10E27E012ACED194F82620032AC2
:104CF000F3D1A26C521CA264022A11D9C4F84880D4
:104D000084F81B80616C032901D284F81CA0D0F8C0
:104D1000041521F48031C0F8041584F84C9002E0A9
:104D200084F84C10B0E794F8261009B10229ABD1F1
:104D3000D0F8001521F0804141F00041C0F8001585
:104D4000A2E724E084F84D10E27E012A9CD184F889
:104D50004C10D0F8041541F48031C0F80415D0F897
:104D60000C1541F04001C0F80C15D0F80C1521F0DD
:104D70002001C0F80C15D6E700E002E084F84D10E1
:104D8000ABE784F84D10606C401C6064A2E73146CC
:104D9000286804F01FFF400610D507EB461140209D
:104DA000C1F8080584F84DB0A07E08B9C4F8448065
:104DB00031462868BDE8F05F04F05DBC31462868E4
:104DC00004F008FFC0067FF565AF94F826000328BD
:104DD00003D028B1022803D00FE0C4F8448006E0D5
:104DE000C4F84480A87910B1E07E012818D184F875
:104DF0004D903146286804F03EFCE07E01280FD13A
:104E000007EB461084F81B80D0F8041521F480319C
:104E1000C0F80415D0F80C1541F02001C0F80C15AD
:104E2000102007EB4611C1F80805F7E62DE9F05F01
:104E3000054600680F46064604F0CCFEC7EB071196
:104E400040074FF0040A05EB810405D506EB471136
:104E5000C1F808A5072089E03946286804F0BAFEA1
:104E600080064FF000084FF001094FF0020B28D5E3
:104E700006EB47112020C1F80805607E03260128B3
:104E800009D184F8198084F84CB084F84D60394613
:104E9000286804F0F0FBA07E012810D1E07E0028F5
:104EA0000DD194F82600012801D084F81B9084F8D5
:104EB0004D603946286804F0DEFBC4F84480BDE844
:104EC000F09F3946286804F085FE800506D506EB7C
:104ED00047114FF40070C1F8080549E039462868C9
:104EE00004F078FEC00720D0C4F844803946286812
:104EF00004F070FE400606D506EB471184F81990C1
:104F00004020C1F80805E07E48B106EB471084F860
:104F10001B80D0F8041521F48031C0F8041506EB8D
:104F200047114846C1F8089520E03946286804F042
:104F300051FE40060ED5052084F84D00A07E08B92C
:104F400084F81990C4F844803946286804F093FB2B
:104F5000402028E03946286804F03CFE00070DD5C3
:104F600006EB47110820C1F80805062084F84D001B
:104F700039462868BDE8F05F04F07DBB39462868F3
:104F800004F028FEC00613D5C4F8448084F84DA070
:104F9000607E18B9207E08B984F8199039462868CF
:104FA00004F069FB102006EB4711C1F8080586E7FD
:104FB0003946286804F00EFE000626D5A87970B19F
:104FC000606C401C6064022811D9C4F844805246C9
:104FD00084F84CA039462846FDF7D7FE13E0072099
:104FE00084F84D003946286804F045FB0BE006EBD9
:104FF000471084F84CB0D0F8001521F0804141F002
:105000000041C0F800158020CDE73946286804F03B
:10501000E1FD400509D5092084F84D00394628688E
:1050200004F029FB4FF48060BDE73946286804F09E
:10503000D1FD8007BBD506EB47125846C2F808B52C
:1050400094F84D10012917D003293AD004293ED0F5
:1050500005294CD006294DD0072901D00929A6D110
:1050600084F84D00616C491C6164022948D9C4F878
:10507000448084F84CA04DE084F84D0084F84C90B6
:1050800094F82600022801D0032843D1A87928B932
:1050900094F83D0080F0010084F83D00A8790128D3
:1050A00038D1606B10B3218D0844401EB0FBF1F085
:1050B000C0072FD094F83D0080F0010084F83D0037
:1050C00028E084F84D00E17E012916D022E084F822
:1050D0004D0084F84C00E07E01281BD184F81B8031
:1050E000D2F8040520F48030C2F8040512E084F8F8
:1050F0004D0002E084F84D00052084F84C0009E0E2
:1051000084F84C00D2F8000520F0804040F00040C8
:10511000C2F8000594F84C2039462846FDF735FEC4
:10512000CDE67CB504680546D4F840040190D4F877
:10513000400420F02E0000900198800709D50198C6
:10514000C00702D02846FDF799FD009840F0020004
:1051500000900198000724D5009840F008000090C6
:10516000019840071AD5687A022803D0E879012807
:105170000CD00FE00198C0F341400228286803D00A
:10518000012104F00BFD05E00221FAE74EF6602054
:10519000C4F804042846FDF769FF02E02846FDF73D
:1051A00061FF01988006009802D540F02000009031
:1051B000C4F840047CBD2DE9F04102460068064673
:1051C000016AC1F3434301F00F07C1F30A15022B33
:1051D0002ED1002D2CD0C7EB071102EB8104E16A20
:1051E000002925D0A26B636B2A449A4222D82A4612
:1051F00004F0FCFCE06A2844E062A06B2844A06351
:1052000006EB4710D0F81015228DC1F3C941AA4210
:105210000ED100290CD0D0F8001521F0804141F0CA
:105220000041C0F8001514F83C0F80F00100207018
:10523000BDE8F081042084F84C00F9E7FEE70000A7
:10524000FEB54FF4FA760127164C0020CDE9007622
:105250008DF808007F22656902ABD0212046A8475F
:10526000CDE9007605460022D4F818C002ABD02163
:105270002046E0472844C5B29DF80800EA280ED130
:105280004020CDE900768DF808000622666902AB61
:10529000D0212046B047284410F0FF0000D0012064
:1052A000FEBD0000300100202DE9FE434FF4FA76E8
:1052B0000124614DCDE900464FF000088DF80880CB
:1052C0007F226F6902ABD0212846B847CDE900465E
:1052D00007460022D5F818C002ABD0212846E04787
:1052E0003844C7B29DF80800EA287DD18020CDE976
:1052F00000468DF808000622D5F814C002ABD02174
:105300002846E0470744E96964208847CDE900461C
:105310008DF8088003226E6902ABD0212846B04781
:105320006426CDE900468DF8084007440622D5F8EA
:1053300014C002ABD0212846E04707442020CDE925
:1053400000468DF808007F22D5F814C002ABD021AA
:105350002846E047CDE900464FF007098DF8089050
:1053600007440022D5F814C002ABD0212846E047FC
:1053700007443320CDE900468DF808000122D5F816
:1053800014C002ABD0212846E047CDE900468DF895
:10539000089007441122D5F814C002ABD02128464A
:1053A000E04707443120CDE900468DF8080014227B
:1053B000D5F814C002ABD0212846E047CDE900461D
:1053C0008DF8088007447F22D5F814C002ABD021A5
:1053D0002846E04707440220CDE900460F228DF819
:1053E000080002ABD02100E022E0D5F814C0284626
:1053F000E047CDE9004607440122D5F818C002ABCA
:1054000018212846E0473844C7B29DF8080009280B
:105410000ED10820CDE900468DF8080031226C69D4
:1054200002AB18212846A047384410F0FF0000D0F6
:105430000120BDE8FE830000300100202DE9F0418D
:105440001D4616460C468046069F08F0A1FBE0B2BA
:1054500040F00101404608F076FB3946404608F02E
:10546000CCFB10B100246F1E10E0404608F0ACFBEE
:105470000320BDE8F081BC4201D0012100E0002101
:10548000404608F011FB3055641CA4B2AC42F2D384
:10549000404608F099FB0020EBE72DE9F0411D465E
:1054A00016460C468046069F08F072FBE1B2404665
:1054B00008F049FB3946404608F09FFBA0B10024A4
:1054C0000AE0315D404608F03EFB3946404608F0B0
:1054D00094FB48B1641CA4B2AC42F2D3404608F03D
:1054E00073FB0020BDE8F081404608F06DFB03200F
:1054F000F8E72DE9F0471E46DDE9085817460C4647
:10550000814608F045FBE1B2484608F01CFB4146E5
:10551000484608F072FBC8B1F9B2484608F013FBE0
:105520004146484608F069FB80B1484608F030FB28
:10553000E0B240F00101484608F005FB414648460C
:1055400008F05BFB10B100246F1E0DE00320BDE8E6
:10555000F087BC4201D0012100E00021484608F05C
:10556000A3FA3055641CA4B2AC42F2D3484608F00A
:105570002BFB0020EBE72DE9F0471D46DDE908682D
:1055800014460F46814608F003FBF9B2484608F07E
:10559000DAFA4146484608F030FBE8B1E1B2484645
:1055A00008F0D1FA4146484608F027FBA0B1002494
:1055B0000AE0295D484608F0C6FA4146484608F028
:1055C0001CFB48B1641CA4B2B442F2D3484608F0B4
:1055D000FBFA0020BDE8F0870320FBE770B5344CF0
:1055E000314D02232DED028B0322606895ED000AF8
:1055F0009FED2E8A0021466920EE080A0846B04732
:10560000606895ED010A022303220A21466920EE13
:10561000080A0020B047606895ED020A02230322C1
:105620001421466920EE080A0020B0476068022372
:1056300003220021466995ED030A4620B0476068C1
:10564000022303220A21466995ED040A4620B04749
:10565000606895ED050A022303221421456946205E
:10566000A8476068134D022303222321466995ED64
:10567000010A0020B0476068022303222321466903
:1056800095ED000A4620B047606895ED020A0223B6
:1056900003222D2145690020A84760688069BDEC80
:1056A000028BBDE87040004780E50020E12E654296
:1056B000D0020020C8E5002088B009F0A1FC3D4ED2
:1056C0004FF47A77079002E0384608F031FE3068F0
:1056D00080470028F8D1DFF8E0800025374C012111
:1056E000BA4688F8121004F11000DFF8D4B0354F34
:1056F00040F6B83906903269334930489047142251
:10570000059768460699FAF7EEFD94E80F00D6F87B
:1057100014C0E0474D4500D26D1C554544D194ED71
:10572000000A5846B0EEC00A10EE101A814216DA8E
:1057300094ED010AB0EEC00A10EE101A81420EDAA2
:1057400094ED020AB0EEC00A10EE101A594506DABE
:1057500098F81A10491C88F81A10B068804797ED1D
:10576000010A1A48B0EEC00A10EE101A81420EDA91
:1057700097ED000AB0EEC00A10EE101A814206DA68
:1057800098F81A10491C88F81A10F068804798F8A1
:105790001A1002294FF0000104D088F81A104FF4B3
:1057A000487501E088F812100A2107A808F0E6FD04
:1057B000A1E70000500100202002002080E5002029
:1057C000CDCC4C3DC8E50020A4E500200000A04061
:1057D000F0B587B0044664270C20784DCDE900076A
:1057E0000E462D22D5F818C004ABD0212846E0473C
:1057F000BDF81000112240BA00B200EE100A02AB50
:10580000B8EEC00A84ED030ABDF8120040BA00B237
:1058100000EE100AB8EEC00A84ED040ABDF81400C8
:1058200040BA00B200EE100AB8EEC00A84ED050AD4
:10583000BDF8160040BA00B200EE100AB8EEC00A79
:1058400084ED000ABDF8180040BA00B200EE100A5C
:10585000B8EEC00A84ED010ABDF81A0040BA00B2E1
:1058600000EE100A08201821B8EEC00A84ED020AE2
:10587000CDE90007AF692846B8479DF80F00C0F38F
:10588000C005BDB9BDF9080000EE100AB8EEC00AA7
:1058900084ED060ABDF90A0000EE100AB8EEC00A4F
:1058A00084ED070ABDF90C0000EE100AB8EEC00A3C
:1058B00084ED080A424894ED000A2422D0ED000A43
:1058C000214630EE600A84ED000A94ED010AD0ED25
:1058D000010A30EE600A84ED010A94ED020AD0ED6F
:1058E000020A30EE600A84ED020A94ED030AD0ED5C
:1058F000030A30EE600A84ED030A94ED040AD0ED49
:10590000040A30EE600A84ED040A94ED050AD0ED35
:10591000050A304630EE600A84ED050AFAF7E3FC2A
:105920002748242221463030FAF7DDFCD4ED030A63
:105930009FED240A002D60EE800AC4ED030AD4ED29
:10594000040A60EE800AC4ED040AD4ED050A20EED4
:10595000800A84ED050AD4ED000A9FED1B0A94ED40
:10596000021A60EE801AD4ED010A21EE001A60EEF0
:10597000800A9FED160A61EE801A60EE800A21EE21
:10598000000AC4ED001AC4ED010A84ED020A13D125
:10599000D4ED060A9FED0E0A60EE800AC4ED060AF9
:1059A000D4ED070A60EE800AC4ED070AD4ED080AB8
:1059B00020EE800A84ED080A07B0F0BD3001002017
:1059C000D4E50020CDCC1C3A00007A3C35FA8E3C60
:1059D0000020193E7FB500211B48009101910291E2
:1059E000184A0391026001244FF400320461C0E9B7
:1059F0000121047680F82010144AC0E90A2102250A
:105A0000C561C16080F830404461FCF710F808B10E
:105A1000FBF7C5FD0820CDE9000407200290694688
:105A20000948FBF75BFF08B1FBF7B9FD0920CDE999
:105A3000000569460448FBF751FF002801D0FBF739
:105A4000AEFD7FBD00200140680300200100000F73
:105A50001FB500211548009101910291124A03914E
:105A6000026001244FF400320461C0E90121047690
:105A700080F820100E4AC0E90A21C461C16080F894
:105A800030404461FBF7D3FF08B1FBF788FD0720E6
:105A90000094CDE9014069460448FBF71FFF002848
:105AA00001D0FBF77CFD1FBD00210140B0030020A9
:105AB0000100000F0F4810B50D490160062141603B
:105AC00000214FF440328160C0E903124FF480128C
:105AD0004261017641768176C17601774177FCF7A4
:105AE0008AFB002803D0BDE81040FBF758BD10BD6D
:105AF00000640040B8040020214808B5016841F462
:105B000080010160016801F480010091016841F4A5
:105B1000001101600068002200F4001000900521CF
:105B20000B20FDF76FFB0B20FDF75EFB002205212C
:105B30000E20FDF767FB0E20FDF756FB0022052126
:105B40001120FDF75FFB1120FDF74EFB0022052120
:105B50003820FDF757FB3820FDF746FB00220521D2
:105B60003A20FDF74FFB3A20FDF73EFB00220521CE
:105B70004620FDF747FBBDE808404620FDF734BB53
:105B8000303802402DE9FC4100220121322008F08A
:105B900048FE264C00220121A060322008F041FE80
:105BA000E0600022CA21032008F03BFE2061204A69
:105BB0000021204807F0BEFAA06100242120CDE991
:105BC00000044FF40076234632461BA11D4809F01D
:105BD000B1F91825CDE90054002332461AA11C481A
:105BE00009F0A8F9CDE90054771000233A4619A12D
:105BF0001C4809F09FF91720CDE900040023324624
:105C000019A11C4809F096F9CDE9005400233A4641
:105C100019A11C4809F08EF9CDE900540023802217
:105C200019A11C4809F086F9BDE8FC810400002098
:105C3000D8F300086D750008436F6E74726F6C5472
:105C400061736B00AD670008496D755461736B003B
:105C5000B95600084254436F6E74726F6C5461738E
:105C60006B0000001D0F000873686F775461736B41
:105C70000000000085DD000853545032334C5F545F
:105C800061736B008D7400084461746143686563DF
:105C90006B000000E91400082DE9F04F87B01421D3
:105CA0006846FAF739FB51480024016841F01001B9
:105CB0000160016801F010010591016841F0800167
:105CC0000160016801F080010591016841F0010166
:105CD0000160016801F001010591016841F00201D4
:105CE0000160016801F002010591016841F00801BD
:105CF0000160016801F008010591016841F00401AB
:105D000001600068012200F004001602059031468F
:105D10003748FCF7A8FFDFF8DCA04FF4406701220A
:105D200039465046FCF79FFF4FF480480022414619
:105D30005046FCF798FFDFF8C0B0002231465846C5
:105D4000FCF791FF4FF4F049002249462B48FCF73D
:105D50008AFF002231462A48FCF785FF012500967C
:105D6000CDE90154694622480394FCF777FECDE95A
:105D700000750327CDE9024769465046FCF76EFEE1
:105D8000CDE900854FF00208CDE90248694650464A
:105D9000FCF764FECDF80C800096CDE9015469460D
:105DA0005846FCF75BFECDF800900397CDE901540F
:105DB00069461248FCF752FE0096CDE90154694647
:105DC0000F480394FCF74AFE08208DE8310069462D
:105DD0000A48FCF743FECDE90054694604480295A1
:105DE000FCF73CFE07B0BDE8F08F00003038024001
:105DF000001002400004024000080240000C024073
:105E00000000024010B588B01C216846FAF784FAF9
:105E1000144813490024C0E9001444F29F11C0E95A
:105E2000024104618461FDF753FD08B1FBF7B7FB44
:105E30000C48FEF7B9F908B1FBF7B1FB6020CDE9DA
:105E4000000402940022694606480494FEF746F9CD
:105E500008B1FBF7A4FB0348FEF73CF808B010BDFF
:105E600000440140D806002010B588B01C216846C7
:105E7000FAF752FA144813490024C0E9001444F216
:105E80009F11C0E9024104618461FDF721FD08B161
:105E9000FBF785FB0C48FEF787F908B1FBF77FFBA2
:105EA0006020CDE90004029400226946064804946B
:105EB000FEF714F908B1FBF772FB0348FEF70AF886
:105EC00008B010BD004801402007002010B588B080
:105ED0001C216846FAF720FA124811490024016093
:105EE0005321C0E9011442F20F71C0E90314846127
:105EF000FEF75AF908B1FBF752FB6020CDE9000428
:105F000002940422694607480494FEF7E7F808B1B2
:105F1000FBF745FB0348FDF7DDFF08B010BD0000AF
:105F2000001800406807002010B596B000240F94B8
:105F300010941194129413941C2168461494FAF747
:105F4000EBF9202107A8FAF7E7F934483249C0E90C
:105F5000001444F29F11C0E902410461446184616C
:105F6000FDF7B6FC08B1FBF71AFB4FF480500F9019
:105F70000FA92A48FDF792FD08B1FBF710FB27484F
:105F8000FEF712F908B1FBF70AFB139413A9234893
:105F90001494FDF755FC08B1FBF701FB6020CDE937
:105FA00000040294039404940594002269461B485B
:105FB0000694FEF793F808B1FBF7F1FA042269465C
:105FC0001648FEF78BF808B1FBF7E9FA0822694694
:105FD0001248FEF783F808B1FBF7E1FA0C22694694
:105FE0000E48FEF77BF808B1FBF7D9FA079408943E
:105FF00009944FF400500A94CDE90B4007A90748D3
:106000000E94FDF7F3FB08B1FBF7C9FA0348FDF75F
:1060100061FF16B010BD000000000140E004002048
:1060200010B58CB024216846FAF776F9002415489B
:1060300009944FF080410A94C0E90014611EC0E940
:106040000241046184610320CDE900040120CDE90F
:1060500002040494CDE90540079469460948089470
:10606000FDF78AFD08B1FBF79AFA099409A90548DA
:106070000A94FDF7E5FB002801D0FBF790FA0CB07D
:1060800010BD00002805002010B58CB02421684602
:10609000FAF742F900241648099414490A94C0E911
:1060A00000144FF6FF71C0E90241046184610320CE
:1060B000CDE900040120CDE902040494CDE90540B6
:1060C000079469460A480894FDF756FD08B1FBF7A6
:1060D00066FA099409A906480A94FDF7B1FB00285D
:1060E00001D0FBF75CFA0CB010BD000000040040CA
:1060F0007005002010B58CB024216846FAF70CF921
:1061000000241648099414490A94C0E900144FF673
:10611000FF71C0E90241046184610320CDE90004FC
:106120000120CDE902040494CDE9054007946946B5
:106130000A480894FDF720FD08B1FBF730FA0994EE
:1061400009A906480A94FDF77BFB002801D0FBF75C
:1061500026FA0CB010BD000000080040B805002071
:106160001CB500240F4800940D490194016040F2D1
:106170004731C0E901144FF6FF718461C160FDF73A
:10618000A7FB08B1FBF70BFA009469460548019498
:10619000FDF756FB002801D0FBF701FA1CBD0000FB
:1061A000001000400006002010B58AB000240794BB
:1061B0001C2168460894FAF7AFF81948174901609E
:1061C00040F28F61C0E901144FF6FF71C0E903147A
:1061D00044618461FDF736FF08B1FBF7E0F90794ED
:1061E00007A90F480894FDF72BFB08B1FBF7D7F977
:1061F0003020CDE900040294039404940594002215
:10620000694607480694FDF7F3FE08B1FBF7C7F9A6
:106210000348FDF75FFE0AB010BD00000004014016
:106220004806002010B588B01C216846FAF774F8BB
:10623000154814490024C0E9001444F29F11C0E934
:10624000024104618461FDF7AFFF08B1FBF7A7F9D4
:106250006020CDE900040294002269460A480494B3
:10626000FDF73CFF08B1FBF79AF90422694606489E
:10627000FDF734FF08B1FBF792F90348FDF72AFE5A
:1062800008B010BD00400140900600200C4810B539
:106290000A4901604FF461314160002181600C22A4
:1062A000C160C0E904128161C161FEF7CDF9002827
:1062B00003D0BDE81040FBF772B910BD005000409C
:1062C000B00700200C4810B50A4901604FF4E131D5
:1062D0004160002181600C22C160C0E9041281612B
:1062E000C161FEF7B1F9002803D0BDE81040FBF70B
:1062F00056B910BD00100140F80700200C4810B539
:106300000A4901604FF416514160002181600C225E
:10631000C160C0E904128161C161FEF795F90028EE
:1063200003D0BDE81040FBF73AB910BD004400406F
:10633000400800200C4810B50A4901604FF4E131D3
:106340004160002181600C22C160C0E904128161BA
:10635000C161FEF779F9002803D0BDE81040FBF7D2
:106360001EB910BD0048004088080020124910B531
:106370001048086001221149114802F02BFC08B1B5
:10638000FBF70DF90F490E4803F017F808B1FBF7BA
:1063900006F90D490A4803F010F808B1FBF7FFF8B9
:1063A000074803F051F8002803D0BDE81040FBF780
:1063B000F6B810BD800100207C0100205D9400082B
:1063C000A0EB0020F402002014030020FEE7FEE70B
:1063D00030B40021084B0A465FF0000003EBC00414
:1063E000401CC0B262548028F8D3491CC9B20829A5
:1063F000F2D330BC00F09CB8A0DF002010B57F289D
:1064000016D83F2914D80723A3EBD10301F00701C5
:10641000C1F107040121A140064CDBB204EBC0002E
:10642000002AC25CC9B201D00A4300E08A43C254C8
:1064300010BD0000A0DF002070B53C4D4FF480542B
:10644000002221462846FCF70EFC6420FCF74AFA9D
:10645000012221462846FCF706FC0021AE2000F070
:1064600053F90021D52000F04FF90021502000F011
:106470004BF90021A82000F047F900213F2000F04F
:1064800043F90021D32000F03FF90021084600F035
:106490003BF90021402000F037F900218D2000F069
:1064A00033F90021142000F02FF90021202000F002
:1064B0002BF90021022000F027F90021A12000F093
:1064C00023F90021C02000F01FF90021DA2000F09C
:1064D0001BF90021122000F017F90021812000F0A3
:1064E00013F90021EF2000F00FF90021D92000F06E
:1064F0000BF90021F12000F007F90021DB2000F06A
:1065000003F90021302000F0FFF80021A42000F062
:10651000FBF80021A62000F0F7F80021AF2000F0E2
:10652000F3F8BDE87040FFF753BF0000000C0240D5
:1065300070B5114E002400BF04F1B000C0B20021BC
:1065400000F0E2F80021084600F0DEF800211020FB
:1065500000F0DAF85FF0000506EBC5000121005DF0
:1065600000F0D2F86D1CEDB2802DF5D3641CE4B2BE
:10657000082CE1D370BD0000A0DF00202DE9FF5FF3
:10658000203A1F460C46894602F0FF0A0025DDF836
:1065900038B032E00C2F09D01A4901EB0A104FF045
:1065A0000008465D300607D55A4609E016490AEB51
:1065B0004A0001EB8000F2E7BBF1000F12D000228D
:1065C00021460098FFF71AFF7006641C060EE4B21D
:1065D000A4EB0900B84207D100984C46401CC0B259
:1065E000009008E00122EBE708F1010000F0FF084D
:1065F000B8F1080FD6D36D1CEDB2BD42CAD3BDE8C9
:10660000FF9F000090F800081CF400082DE9FF4FE0
:1066100081B00027DDF838901D46934682463C46FF
:106620004FF001084FEA59062BE0281B401E0A22B2
:10663000C1B2012000E05043491EC9B2FBD2BBFBEE
:10664000F0F00A21B0FBF1F201FB120027B9691E3C
:106650008C4201DA48B101273030C2B206FB04A0F7
:10666000C0B24B46CDF8008006E006FB04A0C0B2E5
:106670004B462022CDF800800299FFF77FFF641C73
:10668000E4B2AC42D1D305B0BDE8F08F2DE9F843B8
:106690001E46089F14008846054604D5504204B2A1
:1066A00007A2284600E007A200F00EF80A35E8B27B
:1066B0003346224641460097FFF7A8FFBDE8F8831E
:1066C0002D0000002B000000F8B516460D460446CC
:1066D000012714E07A2C02D900241035EDB23A2DAE
:1066E00003D900242546FFF773FE009732780C2368
:1066F00029462046FFF742FF0834E4B2761C307882
:106700000028E7D1F8BD00002DE9F047184E0546F6
:106710004FF4006909B1012200E0002249463046E9
:10672000FCF7A1FA00244FF400584FF480470022F0
:1067300039463046FCF797FA280601D5012200E0D9
:10674000002241463046FCF78EFA01223946304697
:10675000FCF789FA6806641C050EE4B2082CE6D33F
:1067600049463046BDE8F0470122FCF77CBA0000FC
:10677000000C02400148FCF759BB000088F50020DE
:1067800010EE100AF6EE000A074960EE200AA1EBAF
:10679000600000EE100AB7EE081A60EE800A00EE04
:1067A000C01A21EE000A7047DF59375F2DED0C8BC0
:1067B00090B0DFEDADBA9FEDADCA08F021FC0C90B2
:1067C0000B90DFEDAB9AB0EE698AB0EE489A9FED80
:1067D000A9BA00240A90A848F0EE4B8A0D940E94B2
:1067E0000F9000F041FC002000F0B4FCA348002111
:1067F0000170DFEDA3CADFEDA3DA9FEDA3DA00BFDE
:1068000003F0B4FA0746A148A14990ED000A10EE42
:10681000100AA0F17E50884201D8012500E0002531
:10682000A7F6A61000EE900AF8EEE00AB1EE60AA14
:106830000DB1F0EE408A0F9878EECBAA0168642083
:106840008847804601219348FCF700FA20B10020D8
:106850000E9931B110B150E00120F9E700200E90FF
:106860004BE0864E307848B1B8F1010F1FD0B8F137
:10687000020F1FD0B8F1030F2CD03EE0B8F1030F88
:106880003BD1012000F066FC012030700E9008F032
:10689000B7FB0B90794800240D941C3000F046FDA6
:1068A0007648403000F042FD00F0EAFC25E039EE89
:1068B0002C0A01E039EE6C0AB0EE4D1AF0EE6D0ACA
:1068C00000F024FD6D48B0EE409A1C3000F02EFD23
:1068D000002412E00020307001200024CDE90D409A
:1068E0006648B0EE698A1C3000F020FD63484030F5
:1068F00000F01CFD002000F02DFC08F081FB664E2E
:106900000B99A0EB01083780B0EE680A86ED010A0A
:1069100086ED02AAC6ED03AA86ED049A86F82150F8
:1069200000F012FC86F8200054480078A8B1B8F5B1
:106930007A7F1DD251481C3000F0F8FC4F4840309F
:1069400000F0F4FC0020B0EE698A0D9086ED068A16
:106950000020F06100F094FC3BE048481C3000F05F
:10696000E5FC4648403000F0E1FCB0EE698AEDE716
:106970000D9848B941481C3000F0D8FC3F484030E1
:1069800000F0D4FC01200D906CB93C48F0EE4D1A9B
:10699000B0EE4C1AF0EE6A0AB0EE490A1C3000F074
:1069A000D3FCB0EE408A641CE4B2022C00D3002475
:1069B0003248DFED3A1AB0EE6B1AF0EE4A0AB0EE4A
:1069C000480A403000F0C0FC86ED068A00F020FD49
:1069D000F0612A481C3090ED070AB1EE400A86EDBE
:1069E000050A08F00DFB0A99401AC82837D308F0A9
:1069F00007FB0A9018EE100AF9F752FE82468B4602
:106A00001AEE100AF9F74CFE064623480F4690EDA1
:106A1000050A10EE100AF9F743FECDE9000119EE60
:106A2000100AF9F73DFE804689461AEE900AF9F7FA
:106A300037FE41EC100B1848C069CDE9080504A8E1
:106A400053EC102B80E8C00CDDE90001CDE9020118
:106A50000A48CDE900890178114803F05BFB0A215F
:106A60000CA807F08BFCCBE60AD7233C0AD7A33C43
:106A70000000000000002043B8000020AC0100200E
:106A800000004842000096C300009643A801002081
:106A900000001604001002409CE800200080BB4467
:106AA00044000108F0B540F249242DED028B81B07D
:106AB000012003F06DF9B0FBF4F0CA4C0021CAA22A
:106AC0006068036908469847C9480C2600789FED1E
:106AD000C98AC94D012808D000287DD006287BD05E
:106AE000042879D0072877D01CE160680A21C3A266
:106AF000036900209847009695ED070A05230A21AF
:106B000020EE080ABDEEC00A10EE100A02B260685C
:106B1000C7680F20B847009695ED080A05230A219B
:106B200020EE080ABDEEC00A10EE100A02B260683C
:106B3000C7683C20B84760681421B1A203690020EF
:106B40009847009695ED090A0523142120EE080ABE
:106B5000BDEEC00A10EE100A02B26068C7680F20CE
:106B6000B847009695ED0A0A0523142120EE080A7D
:106B7000BDEEC00A10EE100A02B26068C7683C2081
:106B8000B84760681E219FA20369002098470096BD
:106B900095ED0B0A05231E2120EE080ABDEEC00A62
:106BA00010EE100A02B26068C7680F20B84700965E
:106BB00095ED0C0A05231E2120EE080ABDEEC00A41
:106BC00010EE100A02B26068C6683C20B0476068E8
:106BD0008DA22821036900E00CE0002098478C4832
:106BE0000223032290ED020A6068282146694B20A7
:106BF000B04797E060680A2180A2036900209847A7
:106C0000009695ED070A05230A2120EE080ABDEE3D
:106C1000C00A10EE100A02B26068C7680F20B847B9
:106C2000009695ED080A05230A2120EE080ABDEE1C
:106C3000C00A10EE100A02B26068C7683C20B8476C
:106C4000606814216EA2036900209847009695EDB4
:106C5000090A0523142120EE080ABDEEC00A10EE31
:106C6000100A02B26068C7680F20B847009695ED19
:106C70000A0A0523142120EE080ABDEEC00A10EE10
:106C8000100A02B26068C7683C20B84760681E21DD
:106C90005CA2036900209847009695ED0B0A052336
:106CA0001E2120EE080ABDEEC00A10EE100A02B244
:106CB0006068C7680F20B847009695ED0C0A052359
:106CC0001E2120EE080ABDEEC00A10EE100A02B224
:106CD0006068C7683C20B847606828214DA20369F6
:106CE00000209847009695ED0D0A0523282120EEF7
:106CF000080ABDEEC00A10EE100A02B26068C7684A
:106D00000F20B847009695ED0E0A0523282120EEA6
:106D1000080ABDEEC00A10EE100A02B26068C6682A
:106D20003C20B0473C48017809B30178022922D0C1
:106D3000017805291BD00178032920D00178062984
:106D400021D00178042922D00178012923D00078AC
:106D500007286068036922D030A2322100209847BA
:106D600028780028606803691BD02EA21AE06068AA
:106D70002DA20369F1E760682DA20369EDE7606861
:106D80002DA20369E9E760682DA20369E5E7606861
:106D90002DA20369E1E760682DA20369DDE72EA259
:106DA000DBE72FA232212D209847606895ED030A7A
:106DB0000223322145691A464620A84760683221DD
:106DC00028A20369702098476068322107A20369EE
:106DD000462098476068806901B0BDEC028BBDE831
:106DE000F0400047D00200204D65632020000000E5
:106DF000DCE9002000007A4420020020410000006D
:106E000042000000430000004D4F56455F5A00000D
:106E100080E5002044000000AD010020554B4F5795
:106E200000000000204F4E00524F53200000000091
:106E30005053322000000000522D4320000000007B
:106E400043414E200000000041505020000000004F
:106E5000626F6F740000000052434D20000000007C
:106E60004F46460056000000064880ED010AC0ED7E
:106E7000020A80ED061AC0ED041A80ED052AC0ED65
:106E8000032A7047DCE9002010B540F249240120B4
:106E900002F07EFFB0FBF4F0094901209FED0C0ADF
:106EA0000870BDE81040DFED072A9FED072AF3EEDA
:106EB0000E1A9FED061AF0EE400AFFF7D5BF00004C
:106EC000DCE900208FC2753D0000FA43643BDF3DE2
:106ED000000000002DE9F8435049B1F80090C8695E
:106EE00091ED030AD1ED040A4D494D42884201DA81
:106EF0000E4604E0A84201DD2E4600E006B210EE88
:106F0000100A484AB6EE001A904201D30D4613E02B
:106F100010EE100A444988420EDAB5EEC00AF1EECE
:106F200010FA02DB30EE010A01E030EE410ABDEE5C
:106F3000C00A10EE100A05B2F5EEC00AF1EE10FA22
:106F400002DB30EE810A01E030EEC10A374C00214D
:106F500037A2BDEEC00A10EE100A0FFA80F8606882
:106F60000369084698473448007800286068036938
:106F700001D032A200E032A20021302098476068A0
:106F8000002130A20369482098470C2700976068C9
:106F900003230021D0F80CC042465820E047606827
:106FA0000F2129A2036900209847009760680423F5
:106FB0000F21D0F808C04A462820E04760681E210B
:106FC00023A20369002098470097606804231E21CC
:106FD000D0F80CC02A462820E04760681E211EA277
:106FE00003695820984760682D211CA2036900207E
:106FF00098470097606804232D21C56832462820F1
:10700000A84760682D2117A2036958209847606837
:10701000806901B0BDE8F043004700009CE8002013
:10702000F1D8FFFF003C1CC6003C1C46D0020020EB
:1070300053544154453A0000AC0100204F4E20000B
:107040004F464600543A00004144433A00000000D5
:10705000504F533A000000006D6D00005350443A09
:1070600000000000487A00002DE9F04387B01421A9
:107070006846F9F751F9EFF3108572B600242D48F0
:10708000016841F002010160016801F0020105910F
:10709000016841F00401016000684FF4807600F05F
:1070A0000400009605900120CDE901040220DFF8DC
:1070B0008890039069464846FBF7D0FCDFF87C8057
:1070C000B701694640460097FBF7C8FC00223146ED
:1070D0004846FBF7C8FD224639464046FBF7C3FD4C
:1070E0001748016821F00101016015480C30016862
:1070F00021F002010160402000F0B8F81048203073
:10710000016841F0010101600D484430016841F41B
:10711000004101600A48103004600A48048044605D
:10712000047244728472002D00D162B607B0BDE8CB
:10713000F0830000303802400008024000040240A2
:107140000004014090E800200148407A70470000A8
:1071500090E8002070B50546012801D9012070BDD6
:107160000DB900F08DF8EFF3108472B60DB1012265
:1071700000E000224FF480410448FBF774FD04480E
:10718000457204B962B6002070BD000000040240E0
:1071900090E800202DE9F0478946060014D02F4CD6
:1071A000607A70B141F2883086420AD82C4970006A
:1071B00001EB5001B1FBF0F5A81E4FF6FE718842BD
:1071C00005D30120BDE8F08700F05AF843E0EFF363
:1071D000108872B6207A10B1A17A49450AD00127E9
:1071E00000F058F84A4639021E48FBF73CFD84F887
:1071F0000A9000E00027258066600120207237B3E6
:107200001948006818492844103180B208601649AE
:107210006FF0020014390860302000F027F812489F
:10722000001F016841F0010101600F481838016832
:1072300041F0020101600C482030016841F4004136
:10724000016009482438016841F001010160B8F18A
:10725000000F00D162B60020B4E7000090E80020E3
:10726000A0860100000802402404014003490A6886
:1072700022F0700202430A607047000018040140C7
:1072800010B5EFF3108472B600F004F8002C00D1B2
:1072900062B610BD0C4810B5016821F00201016012
:1072A00009496FF00200091D08604020FFF7DEFF6A
:1072B00005480C38016821F00101016003490020F4
:1072C00008804860087210BD0C04014090E800205E
:1072D0000C490A68081F0068920710D580070ED570
:1072E0006FF0020008600848017A49B1417A39B16B
:1072F000044924310A680088104480B2086070474D
:10730000FFF7C8BF1004014090E80020B4EEE00A87
:10731000F1EE10FA02D2B0EE600A7047B4EEC10A84
:10732000F1EE10FAF9DDB0EE410A70479FED050A63
:10733000002180ED030A80ED050A017680ED070A41
:10734000704700000000000010B504462DED048BCE
:1073500070EE608AB0EE619A9FED2B8A007E30B3AA
:1073600094ED050A78EEC00A80EE810AD4ED080A91
:10737000F5EEC00AF1EE10FA14DD94ED078ADFEDA8
:10738000231A30EE480A60EEA10AF7EE001A60EE0A
:10739000810A30EEA12AC0EE821A01EE808A84EDC5
:1073A000078A0AE084ED070AB0EE408A05E0012072
:1073B0002076B0EE480A84ED070A94ED030A08EE41
:1073C000810A84ED030A94ED041AF1EE410AFFF7F5
:1073D0009DFF84ED030AD4ED010AB0EE491A20EEB8
:1073E000800AD4ED000A00EEA80AD4ED020AC4ED2A
:1073F000058A00EE880AF1EE490ABDEC048BBDE86F
:107400001040FFF783BF000000000000DB0FC94001
:1074100010B5B5EEC00A2DED028BB0EE408AF1EE4C
:1074200010FA01D2B1EE400A10EE100A1549884256
:1074300019DDF3EE040A9FED141AFFF767FFF6EE6D
:10744000000AB5EEC08A30EE200ABCEEC00A10EE8B
:10745000104AF1EE10FA01DB012100E00021204684
:10746000FFF798FE28B1FFF70BFF0020BDEC028B61
:1074700010BDB5EEC08AF1EE10FA01DB2046F5E74B
:107480006042F3E70000A0400080BB44054D4FF090
:10749000FF3422460449286807F06CFB024806F0D6
:1074A00047FDF6E714000020E0E8002030B58CB07E
:1074B00000202B4B2B4C01464FEA0D05C1EB01126E
:1074C0001A44B2F90A2000EE102AB8EEC00A10EEF3
:1074D000102AA2F17E52A24205D805EB8002401C80
:1074E00082ED000AC0B2491CC9B20C29E6D30628B5
:1074F00034D32B46012219E003EB820191ED000AFF
:10750000114603E0491EC4ED000AC9B241B103EBC4
:10751000810454ED010AF4EEC00AF1EE10FAF1DC38
:1075200003EB8101521C81ED000AD2B28242E3D307
:10753000C1074FEA500005EB800002D090ED000A31
:1075400009E010ED010AD0ED000A30EE200AF6EE57
:10755000000A20EE200A044880ED020A0CB030BD7B
:107560000AE7002000001604A0010020FEF7FEFE3E
:107570000E484FF4487102690120904701220C49DE
:107580000C48FDF7F1F90A490122491C0A48FDF7A8
:10759000EBF9C82209490A48FCF7C7FE0948006808
:1075A0008047002006F030FFFEE70000C800002002
:1075B00004000020400800208808002040E6002049
:1075C000B0070020F000002070B50646D0F8800912
:1075D00090B04021C4696846F8F79EFE80208DF87F
:1075E000000001208DF801002378402269463046D2
:1075F00001F040FB0028F7D1642000F0F5FC0225E3
:107600008DF80150237840226946304601F032FB64
:107610000028F7D1642000F0E7FC03208DF801007A
:10762000237840226946304601F024FB0028F7D138
:10763000642000F0D9FC8DF801502378402269467F
:10764000304601F017FB0028F7D1642000F0CCFC95
:1076500004208DF80100237840226946304601F06D
:1076600009FB0028F7D1642000F0BEFC10B070BD0B
:1076700010B54FF0E020006907F0B4FC012803D0FA
:10768000BDE8104007F0ACB810BD000030B593B0B5
:1076900030216846F8F740FE14210CA8F8F73CFEAC
:1076A0001D480025016841F080510160006800F02C
:1076B000805011901948016841F4804101600068D0
:1076C000022400F4804011900120009000040190F9
:1076D0008001CDE9064004200890A820CDE90904E6
:1076E00007200B906846FBF7C9FE08B172B6FEE7AB
:1076F0000CA90F2081E831004FF4A0500F904FF4F7
:107700008050109005210CA8FBF7AEFD002801D099
:1077100072B6FEE713B030BD403802400070004042
:107720000248016841F470010160704788ED00E093
:107730000148FCF737BB0000500A0020FFF7C8BD26
:10774000F0B50268294C2A4D2A4E2B4F2B4B4FF097
:10775000804CA04209D0604507D0A84205D0B04275
:1077600003D0B84201D0984204D122F0700E4A688A
:1077700042EA0E02A0421BD0604519D0A84217D0A1
:10778000B04215D0B84213D0984211D01C4DA84237
:107790000ED01C4DA8420BD01B4DA84208D01B4D4B
:1077A000A84205D01A4DA84202D01A4DA84203D1D2
:1077B00022F44075CA682A434D6922F080022A43A8
:1077C00002608A68C2620A688262A04201D098425E
:1077D00001D109690163012141610169C90703D030
:1077E000016921F001010161F0BD000000000140CC
:1077F0000004004000080040000C0040000401406C
:107800000040014000440140004801400018004091
:10781000001C00400020004010B501F01F030121B2
:10782000046A99408C430462016A9A4011430162E0
:1078300010BD10B5846842EA032224F47F440A4351
:107840002243826010BD826822F070020A4342F037
:107850000701816070470000F0B5036A026A22F0F8
:107860000102026242688469124E24F073050C68BA
:107870002C4323F002058B682B430D4DA84201D009
:10788000B04205D123F00807CB683B4323F0040343
:10789000A84201D0B04205D14D6922F4407215438F
:1078A0008A692A4342608461496841630362F0BD8A
:1078B0000000014000040140F0B5026A036A23F0B1
:1078C00010030362436884690D6824F4E64444EAC3
:1078D00005248D6822F0200242EA05120F4D104E59
:1078E000A84201D0B04206D1CF6822F0800242EA1D
:1078F000071222F04002A84201D0B04207D14D69E0
:1079000023F4406343EA85038D6943EA85034360BA
:107910008461496881630262F0BD0000000001409B
:1079200000040140F0B5026A036A23F48073036225
:107930004368C46922F4007224F073050C68124E87
:107940002C438D6842EA05220E4DA84201D0B04278
:1079500006D1CF6822F4006242EA072222F4806254
:10796000A84201D0B04207D14D6923F4405343EA05
:1079700005138D6943EA05134360C4614968C16317
:107980000262F0BD000001400004014030B5046A0D
:10799000026A22F4805202624268C3690D6823F4CD
:1079A000E64343EA05238D6824F4005444EA053491
:1079B000084DA84202D0084DA84204D14D6922F4D6
:1079C000804242EA85124260C361496801640462F0
:1079D00030BD0000000001400004014010B5036A02
:1079E000046A24F001040462846924F0F00444EA87
:1079F000021423F00A020A438461026210BD10B52A
:107A0000036A046A24F010040462846923F0A0036A
:107A100024F4704444EA023243EA011182610162B3
:107A200010BD00000148FCF7D7BC0000B0070020E3
:107A300010B5806B0021C185C184FCF7CBFC10BD63
:107A400070B5846B2068406994F84110C0F3C01091
:107A50000025212904D118B1E584204600F08EF8D4
:107A60002068406994F84210C0F38010222904D1A4
:107A700018B1E585204600F05AF8606C40F010001F
:107A800060642046FCF7A6FC70BD10B50146806B13
:107A9000096809684FF00002C9052ED4C285016843
:107AA0000C3151E8003F23F4807341E80034002C8E
:107AB000F5D10168143151E8003F23F0010341E89A
:107AC0000034002CF5D10168143151E8003F23F057
:107AD000400341E80034002CF5D1202180F8421009
:107AE000016B012909D101680C3151E8003F23F0F5
:107AF000100341E80034002CF5D14263016B0129E9
:107B000002D0FCF73FFF10BD818DFCF735FC10BDA6
:107B100010B5806B01214163016B012902D0FCF794
:107B200075FF10BD818D4908FCF726FC10BD01686A
:107B30000C3151E8002F22F4907241E80023002B11
:107B4000F5D10168143151E8002F22F0010241E81B
:107B50000023002BF5D1016B012909D101680C31FB
:107B600051E8002F22F0100241E80023002BF5D14C
:107B7000202180F8421000210163704701680C3118
:107B800051E8002F22F0C00241E80023002BF5D17C
:107B9000202180F84110704708B590F84210222942
:107BA00001D0022008BD82684FF480539A4201D16F
:107BB000016921B1816A9A421BD04AB10AE0026888
:107BC000816A5268C2F308020A80816A891C08E04F
:107BD000026972B10268526802F07F020A70816A1B
:107BE000491C8162C18D491E0904090CC18503D05D
:107BF0001BE002685268F1E70168CA6822F02002BF
:107C0000CA600168CA6822F48072CA6001684A6961
:107C100022F001024A61202180F8421000214163D4
:107C2000026B012A03D0FCF7ADFE002008BD016302
:107C300001680C3151E8002F22F0100241E80023C6
:107C4000002BF5D101680A68D20602D50A68496896
:107C50000091818DFCF790FBE7E7000070B50446CA
:107C600000680169E26821F4405111430161216912
:107C7000A068E26908436169114308432168CA6842
:107C800049F20C639A430243CA6020684169A269C1
:107C900021F440711143416131492068884202D08A
:107CA0003049884202D1FBF7A9FB01E0FBF796FBC4
:107CB000E2690023192164253226B2F5004F62687B
:107CC00028D0A0FB0101930F9200F8F7DBFA0146E0
:107CD000B0FBF5F06FF01802504301EB800006EBAB
:107CE0000010B0FBF5F000F0F002B1FBF5F002EB94
:107CF0000012B1FBF5F06FF01803584301EB800060
:107D000006EB0010B0FBF5F000F00F002168104406
:107D1000886070BDA0FB010192185B41F8F7B2FAD0
:107D20000146B0FBF5F00201B1FBF5F06FF018036E
:107D3000584301EB800006EBC000B0FBF5F000F00B
:107D4000F80002EB4002B1FBF5F0584301EB800074
:107D500006EBC000B0FBF5F000F00700D6E700002E
:107D6000001001400014014038B58162044682854C
:107D7000002013466064222284F84220E56B1B4AEF
:107D8000EA63E56B1A4A2A64E56B1A4AEA64E26B15
:107D900010650A462168E06B091DFAF76BFD206843
:107DA000016840680090206948B120680C3050E8B4
:107DB000001F41F4807140E80012002AF5D12068CC
:107DC000143050E8001F41F0010140E80012002A81
:107DD000F5D12068143050E8001F41F0400140E820
:107DE0000012002AF5D1002038BD00008B7A00086F
:107DF000117B0008417A000881628285C2850021DA
:107E00004164222180F84210016921B10168CA68E9
:107E100042F48072CA6001684A6942F001024A6114
:107E20000068C16841F02001C160002070472DE961
:107E3000F843984617460D460446089E24E0701CF9
:107E400022D0FAF715FFA0EB0800B0421AD8CEB145
:107E50002068C168490717D5802D15D0402D13D053
:107E60000168C94309070FD40168002540680090E4
:107E70002046FFF75CFE0820606484F84050012033
:107E8000BDE8F8830320FBE72068006835EA0000BE
:107E900004D00020B842D2D00020F1E70120F9E759
:107EA0000148FCF799BA0000F80700200148FCF7E8
:107EB00093BA0000400800200148FCF78DBA00008A
:107EC0008808002010B500224FF6FF7300EB8204F3
:107ED000B4F8884924040BD49A4207D002F00F0367
:107EE00000EB830041F40041C0F88819D0B210BD06
:107EF000521CD2B2102AE9D31A46F7E710B500F0A7
:107F0000C9FE002010BD8278012A07D10222027426
:107F100001224274002242828182C28200221146E2
:107F200000F00FB87FB51C46012501AE0023009577
:107F300086E80E002A46214600F0A0FF04B000208B
:107F400070BD2DE9F0410446012580782F464FF0A1
:107F5000030804F6E416012802D002281ED105E029
:107F6000A160A28127760220A0700EE0204600F0DA
:107F70008FFC050004D0032D02D0022D04D004E0B4
:107F8000A7700020207600E0A770C4F8E4890023E1
:107F90001A463146D4F8DC0905F098F82846BDE8C1
:107FA000F0817FB51D4690F81D39089C03B100246F
:107FB0000123CDE90031CDE9022400231A462946E8
:107FC00000F05CFF04B0002070BD1FB50023144614
:107FD000CDE900310822CDE902231A46214600F0FE
:107FE0004DFF04B0002010BDFAF77CBC70B505460B
:107FF000002005F6381500BF00EB800404EBC00438
:1080000005EB4404E67B0A348E4201D0FF2909D1F6
:10801000A679964201D0FF2A04D1E4799C4206D089
:10802000FF2B04D0401CC0B20228E5D3FF2070BD56
:10803000102907D200EB8100B0F88819C1F30E01B6
:10804000C0F888190020704730B48578029C012D53
:108050000FD141F080010174062141740321428255
:10806000B1EB122F02D140F2094100E000218182E0
:10807000C482224630BC1946FFF763BF0A880378E2
:108080001A440A80017808447047F8B50D46064640
:1080900000F11C04B1F5807F01D90320F8BD23460F
:1080A0004FF40072002130460095FFF7CDFF002805
:1080B000F4D12A4621463046BDE8F84000F0F9BE2A
:1080C000F8B50C460546B1F5006F01D90320F8BD9F
:1080D00005F58E731E464FF48072002128460094E9
:1080E000FFF7B2FF0028F2D1224631462846BDE80C
:1080F000F84000F083BFF8B51C461646B3F5006F94
:1081000017D8B6B141F4407200F58E731D460021B8
:108110000094FFF799FF00280CD16978032909D151
:1081200029788A1EA24200D814460021A2B2AD1CB2
:1081300006E00320F8BD6B5C891C06F8013B89B2A0
:108140009142F8D300213170F8BD01004FF00000DA
:1081500004D0012901D0022901D00220704701205A
:108160007047F8B50546D0F880090126C4696079E2
:10817000062851D2DFE800F003502D03354005F109
:108180001C00ED8B092D0DD90921ADF8001005E07B
:108190006946FFF773FF4178212905D0BDF800102B
:1081A000A942F5D302201AE0017884F8261041781C
:1081B00084F8271041882185017984F82A104179B3
:1081C00084F82B10817984F82C10B0F80700E08532
:1081D000E8E7E18D284600F089F990B90420607144
:1081E0001AE000221146284600F035FB052108B1AF
:1081F000032811D161710FE00021284600F038FBFF
:1082000010B1032807D007E001206071D5F8D82904
:1082100002212846904700263046F8BD30B52DEDA6
:10822000088B85B000F046FA694B0FCBDFED69AAE9
:108230009FED69BAB0EE4B9ADFED68BA8DE80F009A
:10824000674D286841787F3900EE101A0178F8EE02
:10825000C08AC1F17F0100EE101A8178B8EEC0AA81
:10826000C1F17F0100EE101A5E49F8EEC09AB0EE3F
:10827000E80A10EE102A9FED5C8A8A4201DAF0EEDD
:10828000488AB0EECA0A10EE102A8A4201DAB0EE2D
:1082900048AAB0EEE90A10EE102A8A4201DAF0EE9E
:1082A000489A5249524C0978052920D1C1680420C6
:1082B0008847012800D16070BDEEE80A10EE100A70
:1082C000A8B928680179407909B130B10DE060B1F1
:1082D00000EE100AB8EE409A04E0484200EE100AA0
:1082E000B8EEC09AF0EE6A8A01E0B0EE489AC8EEA5
:1082F000AA0A4048B0F9080000EE100AB8EEC00A19
:1083000020EE800AC9EE0B0A20EE201ACAEE2A0AD5
:1083100000EE100A8DED011AB8EEC00A20EE800AB8
:108320008DED020A89EEAA0A60EE2B0A00EE100A11
:10833000B8EEC00ADFED301A304880EE212A60EE38
:10834000821ACDED031A007828B1012803D006283F
:1083500001D08DED028ADFED2A0A81EE200A8DED33
:10836000010A9DED022AB5EEC00A82EE201AF1EE56
:1083700010FA8DED021A03D2F1EE610ACDED030A77
:10838000B5EEC00AF1EE10FA17D1B5EEC01AF1EE53
:1083900010FA12D19DED030AB5EEC00AF1EE10FA03
:1083A0000BD1A078401CC0B2A0700A2807D90A20BF
:1083B000A07005B0BDEC088B30BD0020A0706078C7
:1083C0000028F6D00021684601F040FDF1E70000EA
:1083D000B0FE00080000FE4200007F43DB0F493F73
:1083E0007C0100200000F041000000007801002026
:1083F00054030020200200200000FA43DCE90020A2
:1084000000007A4400238380C3808372028101606C
:10841000704770B5837A0024BBB9012383720023AF
:1084200011E0C5888688B54212D00668755D01F8EE
:10843000015BC5886D1CADB2C5800689B54200D10F
:10844000C4805B1C9BB29342EBD38472104670BD18
:108450008472184670BDF0B5837A0024EBB901230D
:108460008372002317E08588C7886E1CBE4217D030
:10847000B0F808C0664500D197B1076811F8016BE4
:108480007E5585886D1CADB285800689B54200D1C8
:1084900084805B1C9BB29342E5D384721046F0BD8E
:1084A00084721846F0BD000010B50446D0F880096B
:1084B000C069018B802901D980210183094941616B
:1084C0004FF4A06204F58E710830FFF79BFF01F0B6
:1084D000A3F805480078062802D12046FFF774F873
:1084E000002010BD1EEA00207801002008B5B1F57B
:1084F000006F01D9032008BD009100F58E734FF481
:1085000008520121FFF7A0FD08BD30B4A125029C4F
:108510000574012542EA01214574418200218182CE
:10852000C482224630BC1946FFF70BBD70B5054624
:10853000D0F880090026C469617839B12846FFF770
:10854000DDFC61782846FFF773FD6670217839B14C
:108550002846FFF7D3FC21782846FFF769FD2670EF
:10856000D5F88009C06920B104F058FAD5F880091F
:10857000C66101F05BF8002070BD00002DE9FE4FE0
:10858000FF23054600261A461946FFF72FFD07462A
:10859000FF2823D0022F21D20146284600F01FFFDA
:1085A000E0B9342004F030FCD5F880190446C861E5
:1085B000200013D03421F7F7AFFE0720A070B5F8E4
:1085C000302900203749A2F500738E3B05D1B5F85C
:1085D0002E29A2F580635E3B03D008700220BDE81F
:1085E000FE8F05220A70314A2F49116030492163FC
:1085F000A070607107EB870000EBC70005EB400738
:1086000097F84E09A076B7F85009208397F85209D9
:10861000A0830A2801D20A20A08397F846090228DD
:1086200001D8804639E04FF0020800BF07EBC609C9
:108630004FF0030A99F84E19080614D521712846FF
:10864000FFF740FC60700146B9F8500995F81D39F4
:10865000CDE9003A029095F81C392279284600F0BD
:108660001EFC617813E0E1702846FFF72BFC2070B8
:108670000146B9F8500995F81D39CDE9003A029044
:1086800095F81C39E278284600F009FC2178002290
:10869000284600F0D2FB761CF6B24645C6D3002031
:1086A0009DE7000078010020400300207C010020AD
:1086B000A984000870B50646D0F88009104DC46939
:1086C0002878D8B1228BCAB1A068B8B10D4904F19D
:1086D0000800FFF79EFE0146208B81420ED10A4A18
:1086E000012111702978052901D0042904D1C2B2D1
:1086F0000449304601F06AFC002070BD022070BDC4
:10870000780100201EEA0020790100202DE9F84FB1
:108710000546D0F8800900260227C4694FF00409F5
:108720004FF00108A1784FF0070A05F6E41B07296E
:1087300070D2DFE801F004156F6F38314700216B0C
:108740002846884706001BD184F80280C5F8E479E2
:1087500000231A465946D5F8DC0904F0B7FC59E065
:10876000207E00900022012128466369FFF7CDFE9C
:1087700006004FF0050107D0012E07D0032808D0CE
:1087800084F802A00226E1E7A170DFE784F8028006
:1087900000E0A1700026D9E7D5F8C809C007D5D0F8
:1087A00084F80290D2E76378227E2846616900F05F
:1087B00051FA0620A070D5F8C8092062002084F87C
:1087C000240027E06178284600F0BEFA012861788D
:1087D000284604D000F0B8FA052814D01AE000F0BA
:1087E0009EFA94F82410A9B9A0B1A06890B1228B88
:1087F00004F108006169FFF72EFE84F82480284602
:10880000FFF70CFDA2E7A17E2846FFF77CFB08B925
:1088100084F802903046BDE8F88F10B5D0F8801982
:10882000C9698A78062A14D1D0F8C8290B6AD21AE5
:108830008B8B9A420DD304228A700221C0F8E4196E
:10884000D0F8DC49002300F6E4111A46204604F073
:108850003DFC002010BD212303740A23437442EA27
:108860000121418200218182C1820A46FFF769BB52
:10887000212202740B224274002209B1428201E0DB
:10888000012141828282C28200221146FFF759BB38
:108890002DE9F84F0446027E01260B2704F6E41169
:1088A000032530464FF009084FF007094FF0050A3D
:1088B0004FF00D0B00910C2A19D2DFE802F0BC0634
:1088C0000E2F3B4551646F7E8AA2627904F110013C
:1088D0002046FFF77AFB02202AE06179204600F06B
:1088E00033FA012804D0042816D0022814D0A2E0BC
:1088F000207CE18A00F0800031B1802801D125760A
:1089000075E084F818A072E0802802D184F81880FD
:108910006DE084F818906AE0277668E0D4F8C8091A
:10892000E0812379A2892046A168FFF7FBFA0420A1
:10893000207680E02179204600F006FA0128E5D073
:1089400005284ED1032652E000906379A289204683
:10895000A168FFF726FBD4F8C809E0810620E7E705
:108960006179204600F0F0F90128D2D0052804D022
:108970000228C6D0042803D05DE00C202076E1E771
:108980002776022633E00022237911462046FFF79E
:10899000C9FAD4F8C809E0810820C9E7217920463E
:1089A00000F0D2F9012804D00428B5D00528C9D098
:1089B00041E084F818B0002619E0009000226379A5
:1089C00011462046FFF7EDFAD4F8C809E0810A20E5
:1089D000AEE76179204600F0B7F9012804D00228FB
:1089E00094D0042898D026E0002684F818B0C4F863
:1089F000E45900231A46D4F8DC09009904F066FB18
:108A000019E0617E491CC9B26176022902D820763C
:108A1000A07010E0D4F8D829062120469047002500
:108A2000657661792046FFF703FB21792046FFF741
:108A3000FFFA257002263046BDE8F88F2DE9FE4F7B
:108A400001274178002505260446B9464FF00D0858
:108A500000F58E7200F6E41A08290CD2DFE801F066
:108A6000042A3D6A728892AB08212046FFF728FB52
:108A700010B103280DD0A9E094F82D09A07184F855
:108A8000019094F81D190091CDE9015094F81C391A
:108A900039E094F81E09401CC0B284F81E0903286E
:108AA00018D861792046FFF7C3FA21792046FFF7ED
:108AB000BFFA5BE012212046FFF702FBB0BB0220A9
:108AC0003EE000BF94F81E09401CC0B284F81E09A5
:108AD000032842D984F8008078E00121204600F084
:108AE00089FC10B1032822D070E00220FFF77CFA45
:108AF00084F81C9903206070A07994F81D19CDE9C1
:108B000000154B46029021798022204600F0C7F9DB
:108B1000A07994F81D190091CDE9015094F81C3901
:108B200061790022204600F0BAF94FE010E084F8A5
:108B3000008033E009212046FFF7A7FA40B904205E
:108B4000607043E0B4F83A192046FFF79EFA10B17E
:108B50000328B7D03AE0667038E061792046FFF725
:108B600067FA21792046FFF763FA657025702DE0DA
:108B700094F83419062599B1FF232046FFF7BBFA74
:108B800070B108E094F83519072549B1FF23204654
:108B9000FFF7B1FA10B1032802D017E0657015E0B5
:108BA0006570C4F8E46900231A465146D4F8DC091C
:108BB00004F08CFA0AE094F8361931B1FF2320460C
:108BC000FFF799FA08B1032800D100273846BDE81D
:108BD000FE8F000070B50E4604002ED084F8D02918
:108BE0000025C4F88059C4F8845904F51264F8F7D4
:108BF00099FCE57025706570A570A4F512640EB13E
:108C0000C4F8D86900220421102004F033FAC4F813
:108C1000DC090E480AA1024601604FF480614161FF
:108C20001821816121460A4804F084FAC4F8E00959
:108C3000204600F09DF8002070BD022070BD0000AD
:108C4000555342485F5175657565000068F900200D
:108C5000979300087FB51C46012501AE00230095BF
:108C600086E80E0003232A46214600F007F904B0E7
:108C7000002070BD7FB51C46012501AE0023009584
:108C800086E80E0003230022214600F0F7F804B026
:108C9000002070BD10B5D0F8D409FAF716F8BDE879
:108CA0001040FFF752BA10B5012180F820190022B8
:108CB00080F8212980F82229C0F8E419D0F8DC498D
:108CC00000F6E4111346204604F000FA002010BD1F
:108CD00070B50125044680F82159002084F8200948
:108CE00084F82309204600F0C0F821792046FFF7D8
:108CF0009FF961792046FFF79BF9C4F8E4590023F6
:108D00001A4604F6E411D4F8DC0904F0DFF9002077
:108D100070BD10B5C820F9F7E5FD002010BDD0F8F2
:108D2000D409F9F7CCBF10B50124D0F8D409F9F76C
:108D3000B0FF20B1012805D0022803D101E00024B2
:108D400000E00224204610BDD0F8D409F9F7B0BFE6
:108D5000D0F8C819491CC0F8C81901780B2905D1E9
:108D6000D0F88019002901D08969084770470000B0
:108D700010B5044690F8D00901281CD10F484FF0D7
:108D8000A0410222C0F8DC43C4F8D40901600821E4
:108D900041710121C1710021817142728172FAF722
:108DA000E6F808B1F8F7FBFB0448F9F76FFF014656
:108DB000204600F03FF8002010BD000088F500209C
:108DC00010B50121C0F8E419D0F8DC49002300F601
:108DD000E4111A46204604F079F9002010BDFEB5D2
:108DE00008AF97E870008DE87000D0F8D409F9F763
:108DF0007EFFBDE8FE40FFF7A8B9002180F82319E7
:108E00007047012130B480F82319C0F8E419D0F874
:108E1000DC4900F6E4112046002330BC1A4604F079
:108E200055B910B5D0F8D409FAF724F9BDE81040C7
:108E3000FFF78BB9C0F8C8197047D0F8D409C1EB57
:108E4000011100EB8100C17D11B180F83C2001E0EF
:108E500080F83D200020704710B5D0F8D409FAF70B
:108E600010F9BDE81040FFF770B910B5D0F8D4097B
:108E7000FAF71DF9BDE81040FFF767B92DE9FF418A
:108E80000DF1280898E8F0008DE8F000D0F8D4093A
:108E9000F9F77FFF04B0BDE8F041FFF756B9FEB522
:108EA00008AF97E870008DE87000FFF798FF00208A
:108EB000FEBD2DE9F74F82B04FF0000B029DD84662
:108EC00005F63815F9B1087809230C46092800D0B1
:108ED000237008782870487868704888FF2801D97E
:108EE0004FF48070688008792871487968718879B2
:108EF000A871C879E871207A2872092A7CD9994624
:108F0000ADF8003061E0022005B0BDE8F08F6946A1
:108F10002046FFF7B3F804464078042852D1207861
:108F2000092801D084F8009008EB880101EBC80003
:108F300005EB400A20788AF80A0060788AF80B006E
:108F4000A0788AF80C00E0788AF80D0020790AF100
:108F50000A06022800D30220307161797171A1796B
:108F6000B171E179F171217A317200271BE0694614
:108F70002046FFF783F804464078052813D170791E
:108F8000012804D1B07902282DD003282BD0072046
:108F900020700AEBC70122461431029800F06BF8EA
:108FA0007F1C8346FFB23079B84204D96888BDF887
:108FB00000108842DBD83079B84211D808F101009E
:108FC00000F0FF08B8F1020F04D26888BDF8001065
:108FD00088429CD82879022800D3022040450BD92A
:108FE000032091E708E0F0790028D2D12078092801
:108FF000CFD084F80090CCE7584685E770B500F6EE
:109000002613002541B30C781C704C785C704C889A
:109010005C800C791C714C795C718C799C71CC7979
:10902000DC7190F81D090826C0B1012816D002286D
:109030001DD00325082A0DD908891881488958812F
:1090400088899881887B9873C87BD873087C18744A
:10905000487C5874284670BD022070BD082CE9D0A9
:10906000102CE7D0202CE5D0402C02D1E2E7082CD0
:10907000E0D0DE71DEE770B513780B7053784B707B
:1090800093788B70D478CC7093888B8005469279D6
:1090900000208A714FF480660BB1B34200D90320DF
:1090A00095F81D1921B101291BD002292ED00EE0FF
:1090B00004F00301022907D0A5070AD001290BD02B
:1090C000E143890708D002E0B3F5007F00D903200F
:1090D00070BD402BFBD870BD002AF8D0102AF6D8FE
:1090E00070BD04F003010229F3D0A507F1D00129D6
:1090F00007D0E1438907EAD1002AE8D0B342E6D29B
:1091000070BD002AE3D0102AE3D9E0E7A10707D019
:10911000E1438907DBD1002AD9D0082BD7D870BD0D
:10912000082BD4D170BD00002DE9FE4F0222044669
:109130008DF8002094F821190020012901D1032184
:109140002170237801260D27002504F6E4194FF03D
:1091500005084FF0080A0C2B7ED2DFE803F0061654
:1091600036F9F66BD9888F98ADF094F8200900286D
:1091700072D02670C820FEF737FF2046FFF751FE59
:1091800084F81C59C4F8CC59FCE094F82309012850
:109190000ED0D4F8CC09B0F57A7F0FD994F81F0916
:1091A000401CC0B284F81F09032805D92770E9E0E4
:1091B00084F81F592270E5E02570E3E00A30C4F816
:1091C000CC090A20FEF710FFDCE0D4F8D82912B150
:1091D0000421204690476420FEF706FF2046FFF753
:1091E000A2FD84F81D0984F8008000212046FEF7C6
:1091F00069FE607180212046FEF764FE2071014601
:10920000A07994F81D290092CDE9015094F81C39F9
:1092100080222046FFF743FEA07994F81D190091A3
:10922000CDE9015094F81C39617900222046FFF7FE
:1092300036FEA7E02046FFF701FC8DF800009DF800
:109240000000002808D184F8245994F8370901282F
:1092500003D0072020706BE044E05046FAE700237B
:109260001A464946D4F8DC0903F030FF6DE0D4F823
:10927000D829BAB3012120469047EEE794F83D196A
:10928000204600F0C5F870BB092020707AE094F801
:109290003F094FF00A0580068ED50121204600F0D7
:1092A000C5F88DF800009DF80000002884D09DF8D6
:1092B0000000032880D065E0D4F8841929B3C4F8ED
:1092C000805994F8471900BF04EB8002D2F878293E
:1092D00012798A4208D104EB8000D0F87809C4F8EA
:1092E000800906E031E04DE0401CC0B20228EBD31B
:1092F000284658B181682046884738B90620207032
:10930000D4F8D82903212046904711E027700FE0B8
:10931000D4F880090028F9D00169204688478DF8E3
:1093200000009DF8000030B19DF800000228EDD04B
:10933000C4F8E48993E70B208CE700E008E0D4F858
:10934000800910B14169204688470020BDE8FE8FA2
:1093500084F821592046F8F7E5F8D4F8800920B1BF
:10936000C16820468847C4F88059D4F8D82912B17A
:1093700005212046904794F82209012805D020466F
:10938000FFF76AFDC4F8E46969E784F822592046CA
:1093900000F05AF8F6E704464FF0FF3600F6E41501
:1093A000334600222946D4F8DC0903F031FE0028B8
:1093B000F6D12046FFF7B8FEF2E710B502460020CE
:1093C00059B1D2F88439022B07D202EB83045B1C1B
:1093D000C2F88439C4F8781910BD022010BD0246C5
:1093E000002092F83C398B4202D982F82419704748
:1093F000022070478278012A06D1002202740523D8
:10940000437441828282C28200221146FEF799BDD6
:109410008278012A06D10022027409234374418212
:109420008282C28200221146FEF78BBD8278012A19
:1094300006D1002202740323437441828282C282D5
:1094400000221146FEF77DBD10B50446FFF704FD6E
:1094500001212046FFF75DFC002010BD01290AD044
:109460000548022906D0042903D0052903D1032188
:1094700000E00121017070475403002070B50D46D3
:109480000446C2F3072104981E4601291BD0E06858
:1094900040F04000E060204600F032F8C6F30721BB
:1094A0000029A16B26D021F48031A163C5F30741C7
:1094B000012907D1A16841F00601A160A16841F02E
:1094C0002001A16070BDA16B21F48031A163E1682E
:1094D0000A4A1140E160E16821F44011E160C0B244
:1094E000012803D1E06840F48010E060204600F0DD
:1094F00007F8DBE741F48031D7E70000BFFFBDFF8D
:1095000008B500214FF070620091009B5B1C009336
:1095100093420CD80369002BF7DA0091016941F0FE
:10952000010101610099491C0091914201D9032078
:1095300008BD0169C907F5D1002008BD816821F087
:10954000010181600020704700EB4110064AC0F81D
:109550001025D0F8001521F0804141F00041C0F8FD
:1095600000150020704700000000088008B5D0F802
:10957000402422F02E020092D20405D4012909D100
:10958000009941F4805103E021B9009921F4805100
:10959000C0F84014002008BD816841F001018160DD
:1095A0000020704708B500214FF070620091009BC9
:1095B0005B1C009393420AD80369002BF7DA0091F1
:1095C000102101610099491C0091914201D90320A9
:1095D00008BD0169C906F5D4002008BD18B50022F0
:1095E0004FF070630092009C641C00949C420CD865
:1095F0000469002CF7DA0092202242EA811101610D
:109600000099491C0091994201D9032018BD0169B4
:109610008906F5D4002018BD034802214170411E7F
:10962000097881707047000079010020094A002103
:109630007F2311705068037083704370C370017191
:10964000417102F108005060C01F417012788270B1
:109650000170704778010020D0F8080480B270478C
:1096600008B5D0F840040090C0F3414008BD4069FF
:1096700000F00100704738B5002200EB4111009264
:10968000D1F80025D1F80035C2F38142D1F8044564
:10969000DB0F8568E40FAD0605D524B93BB3012A7D
:1096A00025D0032A23D04FF47A736AB1022A0BD053
:1096B000D1F8002542F08042C1F80025D0F810040E
:1096C00010F47F0F2BD00CE0D1F8002542F080423F
:1096D000C1F800258268920603D4C06A10F47F0F97
:1096E00007D0D1F8000540F00040C1F80005002087
:1096F00038BDD1F8000520F00040C1F80005D1F8D0
:10970000000540F00040C1F800050098401C0090A2
:109710009842ECD8D1F800050028F6DBE7E7D1F84D
:10972000000520F00040C1F80005D1F8000540F028
:109730000040C1F800050098401C00909842D6D81F
:10974000D1F800050028F6DBD1E700002DE9F04351
:109750001E46DDE90785002700EB41147B1EDDF87E
:109760002490C4F8083515B3012D3CD0022D1ED02D
:10977000032D31D001270023C4F80435D4F80C356B
:1097800043F00203C4F80C35D0F8183401F00F0C84
:10979000012101FA0CF10B43C0F81834816941F042
:1097A0000071816111062BD54FF4004129E040F290
:1097B0009D43C4F80C35130605D500BFD4F80C350D
:1097C00043F4807319E0DFF898C06045D3D1D4F832
:1097D0000C3543F0600310E040F29D63C4F80C3593
:1097E0001306EBD4C7E740F22523C4F80C35130663
:1097F000C1D5D4F80C3543F4C073C4F80C35BAE7BE
:109800000021FFF72DFFB8F1020F04D1022802D08A
:109810004FF4003000E000204FF0FE5303EA86537F
:109820004FF4F04606EAC22213434FF4402202EA04
:1098300085421343C9F30A0213430B43034343F422
:109840008010C4F80005032D01D0012D05D1D4F8F6
:10985000000540F00050C4F800053846BDE8F0832C
:1098600000000440D0F8140480B27047F8B5964D5B
:109870004C784FF48073A84216D1012A02D00D799A
:109880007DB111E08D7C0DB1022D0DD18D795DB9C9
:1098900000EB4415D5F80C6526F07006C5F80C658C
:1098A00002E04D79012D10D08D79012D11D00E6A75
:1098B00096B38D8A77197F1EB7FBF5F7BFB29F422B
:1098C00035D91F462B02CB6131E02146FFF73CFE24
:1098D000F7E0CB7801270BB18B8A25E08B7C012B3D
:1098E00002D0012A1BD01EE00B6ABC2B0CD98B8A3C
:1098F000CB610B62CB68012B04D0022B02D0012379
:10990000CB601AE00223FBE7CB61CB68012B04D0CC
:10991000022B02D00423F3E708E00323F0E78B8A4D
:109920000D6A9D4200D80B6ACB6106E00127CB7817
:1099300013B18B8A7B43F7E7CE61CB694FF0C0460A
:10994000C3F312056FF0604303EAC7431D438B7DE9
:1099500006EA43731D4300EB4413C3F8105512B1DC
:109960008C69C3F81445D0F80844D3F8005544F383
:10997000000425F00055C3F80055D3F80055641CC9
:1099800045EA4474C3F800458D790024012D0DD0BB
:10999000C3F80445D3F8005525F080450095CD78EF
:1099A000002D009D58D045F4004557E04E7C0D7CBD
:1099B0004FF0004747EAC6163543C3F80455D3F8BD
:1099C0000C5545F06005C3F80C55CD79012D0DD12E
:1099D000CD785DB9D3F8045545F48035C3F8045506
:1099E000D3F80C5545F04005C3F80C558D7C012D7E
:1099F00001D0032DCED1CD79012D08D1CD78012D07
:109A000005D1D3F8045545F48035C3F804558D7C51
:109A1000012DBFD1CD78002DBCD1CD68012D0CD04A
:109A2000022D0FD0032D12D0042DB3D1D3F804553D
:109A300045F44045C3F80455ACE7D3F8045545F464
:109A40000045F7E7D3F8045545F00E05F2E7D3F8E3
:109A5000045545F48045EDE725F4004545F0004503
:109A60000095C3F8005562BBCA7852BB0A6A42B37C
:109A7000CB7933BB8B7C33B1012B0FD0022B02D0BF
:109A8000032B17D10AE0D21CC36AC2F38F029BB228
:109A900093420FD2826942F020020AE0D21CD0F831
:109AA0001034C2F38F029BB2934203D2826942F018
:109AB0008062826100940A8C93B24A78896900F0CE
:109AC00041F90020F8BD000000000440F0B5002579
:109AD0000E4604462F46C0F8005E806B40F400102E
:109AE000A063A06B20F40020A063A06B20F4802072
:109AF000A063E068400602D4300E012804D0D4F8F8
:109B0000000420F0040103E0D4F8000440F0040154
:109B10002046C4F800141021FFF760FD00B10125B4
:109B20002046FFF73FFD00B101250020411EC6F38E
:109B3000072206E004EB4013C3F80815C3F80C75C0
:109B4000401C8242F6D8A76161610E48844205D16B
:109B5000401560620C48A0620C4804E080206062FE
:109B60000B48A0620B48C4F80001C6F3074018B9BF
:109B7000A06940F01000A061A06907490843A061F6
:109B80002846F0BD00000440000200010003E00090
:109B900080006000E0004000080020A3D0F800240E
:109BA00022F00302C0F80024D0F8002401F00303DF
:109BB0001A43C0F80024012903D0022904D001204F
:109BC00070474BF6803101E041F27071C0F8041427
:109BD0000020704700EB4110D0F80815D0F80C05B4
:109BE00008407047416980690840704730B50346B6
:109BF0000846940802F00301002203F5805303E0B5
:109C00001D6840F8045B521CA242F9D300290BD016
:109C10001C680022D50024FA05F3491E521C0904D1
:109C200000F8013B090CF5D130BD38B50446D0F839
:109C3000400420F02E00009040F48070C4F84004EE
:109C4000642004F58864F8F74DFE009820F48070D5
:109C500020600A20F8F746FE002038BD70B50446A3
:109C6000C068002520F0C040E060012901D079B132
:109C700020E0E06840F00050E0600A20F8F732FE93
:109C800060690A3510F0010F10D1C82DF5D30DE031
:109C9000E06840F08040E0600A20F8F723FE606949
:109CA0000A3510F0010F01D0C82DF5D3C82D01D011
:109CB000002070BD012070BD38B500250446009518
:109CC000806820F00100A06010212046FFF786FC8C
:109CD00000B101252046FFF765FC00B101250020F9
:109CE00004EB4011D1F8002522F0802242F080429E
:109CF000C1F80025401C0F28F2D900204FF47A73D8
:109D000004EB4011D1F8002522F4004242F0404219
:109D1000C1F80025009A521C00929A4203D8D1F84B
:109D20000025002AF6DB401C0F28E9D94FF0FF3050
:109D3000C4F814046061A06840F00100A0602846E7
:109D400038BD000010B5029C74B9DB1C9C0800EB08
:109D50000230002300F5805004E000BF51F8042BCE
:109D600002605B1CA342F9D3002010BD0021074A0A
:109D7000084600BF32F81030401CC0B219445028C9
:109D8000F8D35020B1FBF0F080B27047E0E400203F
:109D900010B50022012801D9002010BD074B002179
:109DA00003EB8104491C34F81040C9B22244502905
:109DB000F6D35020B2FBF0F080B210BDA0E300203B
:109DC000FEE7000010B50022044B04E010CB40F881
:109DD0002240521C92B28A42F8D310BD00000608FD
:109DE000F0B587B00E460746F8F722FE0020009037
:109DF0000220154D0490284604F04AF802900120F4
:109E0000039005A96846F8F77FFD28B1F8F7C8FD6B
:109E10004FF0FF3007B0F0BD00240FE057F82420CA
:109E2000002329460220F8F7C5FD20B1F8F7B8FD58
:109E30006FF00100EEE7641CA4B22D1DB442EDD317
:109E4000F8F7AEFD0020E5E70000060870B51B4CF2
:109E500005460E46A06870B3287860B308282BD258
:109E6000617888420DD86070EFF30580C0B105F0CD
:109E7000CDF8E060022332462946A06804F01AFEBD
:109E800017E0EFF3058010B105F0C0F801E005F030
:109E9000B7F8E168401AB0F5FA6F0DD32878E2E719
:109EA00005F0AEF8E060022300222946A06804F025
:109EB00051FD002070BDFFE70120FBE7AC01002051
:109EC0000F2808D104480329026901D0012902D1D1
:109ED000C821012010477047C80000202DE9FF412C
:109EE000294F80463878002836D028A13C1DD1E97A
:109EF0000001CDE9000120788DF80300607823A1EE
:109F00008DF80400D1E90001CDE90201D8F88009FB
:109F100008226946C66940463378FEF7ABFE05F075
:109F20006FF8B968A51C401AC82817D900243C70DE
:109F30008DF803408DF8044027463378082202A9A3
:109F40004046FEF797FE142004F0F2F97F1CFFB2A2
:109F5000032FF2D32C706C70BDE8FF812878217834
:109F6000884203D168786178884208D03378082223
:109F700069464046FEF77EFE142004F0D9F92078A9
:109F8000287060786870E7E734030020000800005C
:109F900000000000074A10B5527C002A09D0054C89
:109FA00001220C3C2270221D1070517005F028F81F
:109FB000A06010BD4003002003494988C140C80784
:109FC00000D0012070470000340300202DE9FC413F
:109FD0000646274CD0F880090D466178C0690229F1
:109FE0000CD2491C23A26170D2E90012CDE9001203
:109FF0000378082269463046FEF73CFEE87902F015
:10A0000039FF1B4F0C373870687A02F033FF7870D5
:10A01000E87A02F02FFFB870687B02F02BFFF8702F
:10A020002979397168797871144A68886080127862
:10A03000042A03D1C1B140F400606080104F0025B4
:10A0400007EB05112A466088F7F700FC010002D0F3
:10A050002846FFF735FF6D1CEDB20F2DF0D93046C5
:10A06000BDE8FC41FFF73ABF20F40060E5E70000DF
:10A0700034030020000800000000000078010020E8
:10A08000A0EA00201FB51F490024A1F11402722884
:10A090009379C85400D08BB35B1CD8B2907105285B
:10A0A0002ED19471087872282AD14878652827D152
:10A0B0008878732824D1C878652821D10879742834
:10A0C0001ED1114B00240FCB8DE80F0000216846F4
:10A0D000FFF7BCFE0A2004F02BF9641CE4B20A2C42
:10A0E000F4D3BFF34F8F09480168094A01F4E061D6
:10A0F00011430160BFF34F8F00BFFDE7FFE794718D
:10A100001FBD0000C001002080FE00080CED00E033
:10A110000400FA050FB4054B10B503A9044A0298D0
:10A1200001F00EFE10BC5DF814FB000001CA00082F
:10A130005803002003B401984100009850EAC12060
:10A1400018BF04204A0D18BF40F0010040F2FF7212
:10A15000B2EB515F08BF40F00200012808BF0520A4
:10A1600002B070474100080218BF04200A0E18BF51
:10A1700040F001004FF07F4232EA010108BF40F099
:10A180000200012808BF052070470907090E0028B2
:10A1900004DB00F1E02080F80014704700F00F00AD
:10A1A00000F1E02080F8141D70470000000000005E
:10A1B00070B5C1482DED020B2DED0E8B82B0119DB7
:10A1C00025F000449FEDBEDB9FEDBFEB84423EDBFC
:10A1D000A4F140511098A1F17F6108430FD0BC4811
:10A1E000844202DC28D1109830B39DED100B02B0F0
:10A1F000BDEC0E8B02B0BDE8704001F079BC9DED66
:10A20000100B53EC1D2B51EC100BF6F73EF99DEDA6
:10A21000100B41EC180B53EC1E2B51EC100BF6F706
:10A2200034F953EC182BF6F789F841EC100B02B017
:10A23000BDEC0E8B02B070BD012001F0B9FC02B084
:10A24000BDEC0E8B02B0BDE8704001F065BCA148CA
:10A250009FEDA18B844256DA9DED100BB4F1795F2E
:10A260000ADA51EC100BFFF765FF042808BF01F074
:10A2700073FC9DED100BDAE753EC102B51EC100B37
:10A28000F6F703F941EC190B95480621B0EE490A9F
:10A29000F0EE690A784401F097FB53EC192B51EC6E
:10A2A000100BF6F7F2F841EC1A0B8E48B0EE490AA3
:10A2B000F0EE690A0421784401F086FB53EC192B77
:10A2C00051EC100BF6F7E1F853EC182BF6F736F8D3
:10A2D00041EC100B51EC1A0B53EC102BF6F747F92D
:10A2E000CDE900019DED000B53EC102B9DED100B03
:10A2F00051EC100BF6F7C9F89DED101B53EC112B28
:10A30000F6F71CF8D2E09DED100B51EC100B02F0AB
:10A310006BFB53EC182BF6F7B5F89FED730BCDE9FB
:10A32000000153EC102B9DED000B51EC100BF6F7D8
:10A33000ACF841EC190B6E480621B0EE490AF0EE7C
:10A34000690A784401F040FB53EC192B51EC100BD7
:10A35000F6F79BF841EC1B0B6648B0EE490AF0EEAD
:10A36000690A0421784401F02FFB53EC192B51ECBE
:10A37000100BF6F78AF853EC182BF5F7DFFF41ECDA
:10A380001C0B51EC190B03F04BFD41EC180B5A4818
:10A390009FED5BABA04222DC53EC1C2B51EC1B0B62
:10A3A000F6F7E5F8CDE900019DED000B51EC180B37
:10A3B00053EC102BF6F769F853EC182BF5F7BEFFAA
:10A3C00053EC1A2BF6F761F853EC1D2BF6F757F800
:10A3D00053EC1E2BF6F756F841EC100B5FE08DEDB9
:10A3E000008B002000909DED000B51EC180B53ECFE
:10A3F000102BF5F7A3FF9DED000B41EC1E0B53EC6A
:10A40000102B51EC100BF6F740F853EC192BF6F724
:10A4100039F853EC1E2BF6F7AAF841EC190B53EC64
:10A420001C2B51EC1B0BF6F7A2F841EC1B0B53EC69
:10A430001A2B51EC190BF6F728F853EC1D2BF6F7F5
:10A4400021F841EC190B53EC1A2B51EC180BF6F7D1
:10A450001CF853EC1B2BF6F718F853EC192BF6F7F6
:10A460000EF89DED000B41EC180B53EC1A2B51EC40
:10A47000100BF6F70AF89FED249B53EC192BF6F717
:10A4800001F841EC100B51EC180B53EC102BF5F7C5
:10A49000F6FF53EC192BF5F7F5FF41EC100B002DEF
:10A4A0003FF7C5AE51EC100B81F0004141EC100BB1
:10A4B000BDE60000000000000000F03F00000000CA
:10A4C000075C143326A6913C182D4454FB21F93F18
:10A4D0000000F07F0000E03F000000000000F03FBF
:10A4E000285C0000365C0000000000000000E03F37
:10A4F0007A5B0000885B00003333EF3F0000000010
:10A500000000000000000040182D4454FB21E93FEA
:10A5100070B59B482DED020B2DED068B079D25F0A8
:10A520000044A04218DC9748844202DC0AD1069815
:10A5300040B19DED060BBDEC068B02B0BDE870404E
:10A5400001F0D6BA002DCCBF9FED8F0B9FED900B85
:10A55000BDEC068B02B070BD8F48A04215DD8F4860
:10A56000A042D8BF4FF0FF3458DD9DED060B51ECF3
:10A57000100BFFF7DFFD042808BF01F0EDFA9DED99
:10A58000060BBDEC068B02B070BD9DED060B51ECC9
:10A59000100B02F029FACDE9060181489FED828B6C
:10A5A000A0423CDD8248A0421FDD00249FED82AB2B
:10A5B0009DED060B53EC1A2B51EC100BF5F7BEFE7C
:10A5C0009DED060B41EC190B53EC1A2B51EC100BC3
:10A5D000F5F75BFF53EC182BF5F751FF53EC192BF4
:10A5E000F5F7C5FFCDE9060149E09DED060B012415
:10A5F00053EC182B51EC100BF5F7A0FE9DED060B5C
:10A6000041EC190B53EC182B51EC100BF5F737FFFD
:10A6100053EC192BF5F7ABFFCDE906012FE06848A5
:10A62000A0421FDD02249FED689B9DED060B53ECBD
:10A63000192B51EC100BF5F728FF53EC182BF5F7FD
:10A640007DFE9DED060B41EC180B53EC192B51ECE4
:10A65000100BF5F714FF53EC182BF5F788FFCDE935
:10A6600006010CE09DED060B032453EC102B9FED2F
:10A67000580B51EC100BF5F77AFFCDE906019DED73
:10A68000060B53EC102B51EC100BF5F7FEFE41ECD2
:10A69000180B53EC182BF5F7F8FE41EC190B4E484C
:10A6A0000621B0EE490AF0EE690A784401F08CF90F
:10A6B00053EC182B51EC100BF5F7E7FE41EC180B9F
:10A6C0004648B0EE490AF0EE690A0521784401F0E7
:10A6D0007BF953EC192B51EC100BF5F7D6FE41EC3E
:10A6E000100B51EC180B53EC102B002C0EDAF5F775
:10A6F00025FE9DED061B53EC112BF5F7C6FE9DEDD7
:10A70000061B53EC112BF5F7BDFE35E0F5F716FEF1
:10A710009DED061B53EC112BF5F7B7FE41EC100B2A
:10A720002F48784400EBC40090ED001B51EC100B57
:10A7300053EC112BF5F7A3FE9DED061B53EC112BEB
:10A74000F5F79DFE41EC100B2648784400EBC40061
:10A7500090ED001B51EC100B53EC112BF5F792FE12
:10A7600041EC100B002DA2BFBDEC068B02B070BDFA
:10A7700051EC100B81F0004141EC100B01E700009F
:10A78000000010440000F07F182D4454FB21F93FD5
:10A79000182D4454FB21F9BF0000DC3F0000203E8F
:10A7A0000000F33F00000000000000000000F03F48
:10A7B0000000E63F00000000000000000000004034
:10A7C0000080034000000000000000000000F83F8F
:10A7D000000000000000F0BF5259000008590000BE
:10A7E000925800004A58000070B56F4E2DED040BD2
:10A7F0002DED048B82B0DDF824C0DDE907235C4237
:10A800002CF000411C4341EAD474069D22F0004024
:10A81000B44205D86C422C4340EAD474B4420BD9FC
:10A820009DED081B9DED060B02B0BDEC048B04B042
:10A83000BDE8704001F066B9ACF14054A4F17F640A
:10A840001C430BD0022404EAAC7444EAD2740543DE
:10A850009FED578B9FED582B07D015E09DED060B14
:10A8600051EC100B01F0EFFD42E0002C11BF012C68
:10A870009DED060B02B0BDEC048B04BF04B070BDAF
:10A88000022C38D0032C3BD00B439FED4D1B9FED8A
:10A890004E0B0AD0B14218D1B04209D121F080410B
:10A8A00020F08040099107900FE0002A15DA10E0AF
:10A8B000474B7B44002C08BF93ED000B0DD0012CBF
:10A8C00010D0022C17D0032C1AD0B0421DD1002A70
:10A8D00003DAB0EE410AF0EE610A02B0BDEC048B7F
:10A8E00004B070BD93ED000B51EC100B81F00041F2
:10A8F00041EC100BF1E7B0EE480AF0EE680AECE725
:10A90000B0EE420AF0EE620AE7E7401A00159FED4A
:10A91000329B3C28C8BF8DED000B17DCBCF1000F4B
:10A92000BCBF10F13C0F8DED009B0FDB9DED080BC4
:10A9300053EC102B9DED060B51EC100BF5F717FEA9
:10A9400002F052F801F07FFDCDE90001B4B1012C15
:10A9500010D0022C9FED220B53EC102B9DED000B21
:10A9600051EC100B19D0F5F78AFD53EC182BF5F7C5
:10A9700086FDBDE7019880F0004001909DED000B41
:10A9800053EC192B51EC100BF6F758F804BF0220CA
:10A9900001F00EF99DED000B9FE7F5F770FD53EC0C
:10A9A000182BF5F76FFDA3E70000F07F0000000013
:10A9B000182D4454FB210940182D4454FB2109C093
:10A9C000182D4454FB21F9BF182D4454FB21F93FA5
:10A9D0007A570000000000000000000000000000A6
:10A9E000075C143326A6A13C70B54FF068422DEDEC
:10A9F000048BF0EE408A18EE900AB0EE608A18EEF2
:10AA0000101A02EB4003B3F1654F3CBF02EB410269
:10AA1000B2F1654F7DD200BFC0F3C753C1F3C75237
:10AA20009A1A1B2A09DD10F0004F14BF9FED830A0C
:10AA30009FED830ABDEC048B70BD12F11A0F36DA5C
:10AA400011F0004F09D010F0004F0CBF9FED7D0AB0
:10AA50009FED7D0ABDEC048B70BD88EE889A19EEDF
:10AA6000100AFFF77FFB042808BF01F089F818EEF1
:10AA7000900AFFF777FB054618EE100AFFF772FB06
:10AA8000044619EE100AFFF76DFB042D18BF052DC3
:10AA900008D1042C18BF052C04D1002804BF0220C3
:10AAA00001F086F8B0EE490ABDEC048B70BD42009F
:10AAB000B2EB410F3AD910F0004F19BFDFED630A36
:10AAC0009FED630ADFED630A9FED630AB0EE481A5B
:10AAD0000A46B1EE688A80F00041F0EE418A1046E5
:10AAE0000A1A5200B2F1807F34D2484010F0004F71
:10AAF000DFED5A1A9FED5A2A1DBFBEEE001A70EE06
:10AB0000E10A30EE420AB6EE001A08BF70EEA10A62
:10AB100000E040E008BF30EE020AB0EE682A01EE25
:10AB2000482A08EE818AC2EE081A15E011F0004F9B
:10AB300004BF9FED4C0AF0EE400AD1D010F0004F58
:10AB400019BFDFED490A9FED490ADFED490A9FED84
:10AB5000490AC5E7C8EE881A21EEA11A9FED462AD8
:10AB6000DFED462A41EE022A9FED452A01EE222A18
:10AB7000DFED442A41EE022A9FED432ABDEC048B0F
:10AB800001EE222A21EE811A01EE020A30EE210A9C
:10AB900030EE200A70BD4FF07F42B2EB400F28BF6D
:10ABA000B2EB410F09D2F0EE480AB0EE680ABDECF4
:10ABB000048BBDE8704000F0DFBF40EA01035B009A
:10ABC00008BF41F0FF410BD0B2EB400F08BFB2EB22
:10ABD000410F08D120F0804008EE900A21F080411A
:10ABE00008EE101A18E7B2EB400F12BF5FEA4103FC
:10ABF00040F0FF4001F000413FF40EAFB2EB410FD7
:10AC000012BF5FEA400200F0004041F0FF413FF414
:10AC100003AF4A0092EA40033FF5FEAE002AACBF04
:10AC20009FED1A0A9FED1A0A68EE808A28EE008AC4
:10AC300018EE900A18EE101AEEE60000DB0FC9BFFE
:10AC4000DB0FC93FDB0F4940DB0F49C00000C9BF24
:10AC500022AAFDB90000C93F22AAFD390060ED3EDD
:10AC6000C30ACE3700000000000049C022AA7DBA06
:10AC70000000494022AA7D3A2DAD65BD8FB8D53D73
:10AC80000FB511BE61C84C3EA8AAAABE0000804FF5
:10AC90000000802F000000002DE9F04D2DED040B89
:10ACA0002DED0E8B96B0DDE92550279CDDF890A0A8
:10ACB00025F0004624F00048BAF1000F14BF01212E
:10ACC000002101EB4502FC4953184A1093422AD354
:10ACD000002814BF0123002303EB44030B44F7496E
:10ACE0008B4220D358EA00019FEDF59B76D0DFF828
:10ACF000D8B35D4503D1BAF1000F05D188E0BAF1B0
:10AD0000000F08BF002100D0012101EB450111F522
:10AD1000001F08D8002814BF0121002101EB4401C5
:10AD200011F5001F0BD99DED261B9DED240B16B0D0
:10AD3000BDEC0E8B04B0BDE8F04D00F0E3BE002783
:10AD4000002DBCBFE149884521DAE1498845A8BF0B
:10AD500002271CDAC3451ADCDE4901EB285114290D
:10AD600008DDC1F1340220FA02F101FA02F2824256
:10AD70000DD108E058B9C1F1140228FA02F101FA24
:10AD800002F2424503D101F00101C1F1020756EA86
:10AD90000A0124D1002C22DA002D18BF022F01D085
:10ADA000012F0AD0022000F003FF16B0BDEC0E8B7D
:10ADB00004B0BDE8F04D00F083BE022000F0F8FEC4
:10ADC00000F07EFE51EC100B81F0004141EC100BC5
:10ADD00016B0BDEC0E8B04B0BDE8F08D18E09FED11
:10ADE000BEAB9FEDBF8B002871D1B848804522D102
:10ADF00005F1804010F5801008BFBAF1000F07D0B0
:10AE0000B3450ADC002CA8BF9DED260BE0DA0DE06F
:10AE1000B0EE490AF0EE690ADAE7002C06DA9DED99
:10AE2000260B51EC100B81F000416FE0AE487844E6
:10AE300090ED000BCCE7D8454DD1002C48DA2EB16F
:10AE400086423AD1BAF1000F42D126E0BAF1000FA2
:10AE500013D0022000F0ACFE00F06EFE8DED020B70
:10AE60009DED240B8DED000B10EE900A039961F31C
:10AE70001E0003909DED020BAAE78DED02AB9DED48
:10AE8000240B1AEE901A10EE900A8DED000B61F370
:10AE90001E0003909DED020B9AE78DED028B9DED58
:10AEA000240B18EE901A10EE900A8DED000B61F352
:10AEB0001E0003909DED020B8AE709DA9DED240B3D
:10AEC00051EC190B53EC102BF5F751FB1EE020E071
:10AED0009DED240B7CE786421BDAB4F1804F0DD048
:10AEE000A4F10050B0F1FF5013D1002D11DB9DED06
:10AEF000240B51EC100B02F093FF07E09DED240BA7
:10AF000053EC102B51EC100B00F0C2BC41EC100BB9
:10AF10005EE79DED240B51EC100B01F065FDBAF1DD
:10AF2000000FCDE90E0142D19FED710B46B3A6F1A2
:10AF3000E040B0F17F600CD05E4538D1002D00DAE2
:10AF4000A7B3022F0CBF01204FF0FF30F5F77EFBB7
:10AF5000DCE7002D01DD002C0DDA002D01DD002CD9
:10AF60001FDB002D16DA002C14DB012F08BF9FED2C
:10AF7000620B3FF42DAFB0EE4A0AF0EE6A0A27E703
:10AF8000022F18BF002D0CD0012F0AD1002DFFF683
:10AF90001FAF06E0002DB8BF002C08DA012F3FF4E8
:10AFA00017AFB0EE480AF0EE680A11E71BE0012087
:10AFB00000EBE57050EA070115D0791EB0EE498A22
:10AFC000F0EE698A084308BF9FED4D8B4E4800257F
:10AFD000804570DD4D494E48884514DDB0420DDB9B
:10AFE000002C19DB2FE0012000F0E2FD16B0BDECD3
:10AFF0000E8B04B0BDE8F04D00F08EBDB34502DC11
:10B00000002C09DC1FE0864202DA002C1BDA03E088
:10B010005E452BDD002C16DD022000F0C9FD00F09E
:10B020008BFD8DED020B53EC1A2B51EC180BF5F741
:10B030002CFACDE900010399019861F31E000390F9
:10B040009DED020BC4E6022000F0B2FD00F084FD8D
:10B0500010EE901A18EE900A8DED020B8DED008B1C
:10B0600061F31E0003909DED020BB1E69DED0E0B0A
:10B0700053EC192B51EC100BF5F701FA9FED260B51
:10B08000CDE9080153EC102B9DED080B51EC100B92
:10B09000F5F7FBF99FED221B53EC112BF5F7F2F9B5
:10B0A0009DED081B53EC112BF5F7EFF99FED1E1BDF
:10B0B00053EC112B3CE08CE0FFFF1F00FFFF0F0063
:10B0C000000000000000F03F0000F03F0000F07FB3
:10B0D0000000404301FCFFFF000000000000F07F83
:10B0E0000000000000000000FE5100000000000011
:10B0F0000000000000000080000000000000F0FFE1
:10B10000000000000000F0BF0000E0410000F0433C
:10B11000FFFFEF3F00000000000000000000D03FF4
:10B12000555555555555D53F000000000000E03FEE
:10B13000F5F7A8F99DED080B41EC1A0B53EC102B19
:10B1400051EC100BF5F7A1F953EC1A2BF5F79DF91B
:10B1500041EC1A0B9FEDFE0B53EC102B9DED080BF1
:10B1600051EC100BF5F791F941EC1B0B9FEDFA0B2D
:10B1700051EC1A0B53EC102BF5F787F941EC1A0B35
:10B180009FEDF70B53EC102B9DED080B51EC100BC2
:10B19000F5F77BF953EC1A2BF5F771F941EC1A0B23
:10B1A00051EC1B0B53EC1A2BF5F7C8F80690CDE9C0
:10B1B00006519DED060B53EC1B2B51EC100BF5F7D4
:10B1C0005EF953EC1A2BF5F75DF941EC100B00F02A
:10B1D000A1B90020B6F5801F0EDA9FEDE30B53EC0A
:10B1E000102B9DED0E0B51EC100BF5F74EF9CDE940
:10B1F0000E016FF034000E4600EB2650A0F2FF3730
:10B20000C6F31300DA4940F07F6646F040568842A4
:10B21000D8BF002408DDD7498142C8BF012403DC20
:10B220000024A6F580167F1CD348784400EBC400A8
:10B230000F9690ED00CB9DED0E0B53EC1C2B51ECBB
:10B24000100BF5F71CF99DED0E0B41EC1B0B53ECAD
:10B250001C2B51EC100BF5F771F841EC100B51EC75
:10B26000190B53EC102BF5F782F941EC1D0B51EC47
:10B270001B0B53EC1D2BF5F708F941EC1A0BBF48DB
:10B280008DED10AB7844109590ED000B4FF0005011
:10B2900040EA660000EB84408DED080B00F50020CD
:10B2A00009909DED080B53EC1C2B51EC100BF5F79E
:10B2B000E6F89DED0E1B53EC112BF5F7E3F841EC8E
:10B2C000100B53EC102B9DED100B51EC100BF5F700
:10B2D000DCF89DED080B41EC1C0B53EC102B9DEDA5
:10B2E000100B51EC100BF5F7D0F853EC1B2BF5F7C6
:10B2F000C9F853EC1C2BF5F7C2F853EC1D2BF5F7EE
:10B30000C4F841EC1C0B53EC1A2B51EC1A0BF5F75B
:10B31000BCF841EC1B0B9A480621B0EE4B0AF0EE4C
:10B320006B0A784400F050FBB0EE401AF0EE601A61
:10B33000B0EE41DAF0EE61DA53EC1B2B51EC1B0B53
:10B34000F5F7A3F853EC1D2BF5F79FF89DED100BC7
:10B3500041EC1B0B53EC1A2B51EC100BF4F7EEFFE6
:10B3600053EC1C2BF5F791F853EC1B2BF4F7E6FF8D
:10B370009DED100B41EC1B0B53EC102B51EC100B03
:10B38000F5F783F841EC1D0B9FED7FEB53EC1E2B83
:10B39000F4F7D4FF53EC1B2BF4F7D0FF0890CDE962
:10B3A00008519DED080B53EC1E2B51EC100BF5F7DB
:10B3B00066F853EC1D2BF5F762F853EC1B2BF5F7F1
:10B3C00061F89DED080B41EC1D0B53EC102B9DED2E
:10B3D000100B51EC100BF5F758F841EC1B0B53EC2C
:10B3E0001A2B51EC1D0BF5F750F89DED080B41ECB5
:10B3F0001A0B53EC102B51EC1C0BF5F746F853ECE1
:10B400001A2BF4F79BFF41EC1A0B51EC1B0B53EC7E
:10B410001A2BF4F793FF0C90CDE90C519DED0C0B1A
:10B4200053EC1B2B51EC100BF5F729F853EC1A2BAE
:10B43000F5F728F841EC1B0B9FED550B53EC102B47
:10B440009DED0C0B51EC100BF5F71FF841EC1A0BAE
:10B450009FED510B51EC1B0B53EC102BF5F715F82E
:10B4600041EC1B0B9FED4E0B53EC102B9DED0C0B89
:10B4700051EC100BF5F709F853EC1B2BF4F75EFFBA
:10B4800041EC100B4848784400EBC40090ED001BE1
:10B4900051EC100B53EC112BF4F750FF41EC1B0B4C
:10B4A0003846F5F7D3F8CDE9080153EC1B2B51ECE6
:10B4B0001A0BF4F743FF41EC100B3C48784400EBC7
:10B4C000C40090ED00CB51EC100B53EC1C2BF4F7A7
:10B4D00035FF9DED081B53EC112BF4F72FFF069061
:10B4E000CDE906519DED080B53EC102B9DED060B9D
:10B4F00051EC100BF4F7C3FF53EC1C2BF4F7BFFF18
:10B5000053EC1A2BF4F7BBFF53EC1B2BF4F7BAFFE9
:10B5100041EC100B9DED261B53EC102B8DED001B09
:10B5200000959DED260B51EC100BF4F7AEFF9DED51
:10B53000000B41EC1A0B53EC102B9DED260B51EC3C
:10B54000100BF4F79CFF9DED061B53EC112B2FE025
:10B55000000000604715F73FFE822B654715F73F57
:10B5600044DF5DF80BAE543E000000000000404395
:10B570008E9803007AB60B00E24C0000A84D000044
:10B580001A4C00000000000000000000000008400D
:10B59000000000E009C7EE3FFD033ADC09C7EE3FBB
:10B5A000F5015B14E02F3EBEA64A0000604A000091
:10B5B000F4F76BFF53EC1A2BF4F7C0FE9DED060B6E
:10B5C00041EC1A0B53EC102B9DED000B51EC100BC2
:10B5D000F4F75BFFCDE90C019DED0C0B51EC1A0B60
:10B5E00053EC102BF4F7AAFECDE902010C46AA4950
:10B5F0008C422FDB611A084318D19DED0C0B53ECE4
:10B60000102B9DED020B51EC100BF4F738FF41ECC1
:10B610001B0B9FEDA30B51EC1A0B53EC102BF4F703
:10B620008DFE53EC1B2BF5F721FA2DD2022000F0F2
:10B63000BFFA00F081FA10EE901A18EE900A8DED24
:10B64000020B8DED008B61F31E0003909DED020B4C
:10B65000FFF7BEBB944A24F00041914214D39349B2
:10B66000214408437FF4EFAC9DED0C0B53EC102B01
:10B670009DED020B51EC100BF4F701FF53EC1A2B6C
:10B68000F5F7F4F97FF6DFAC24F000408849894AE9
:10B69000002601EB205182422BDA481C4FF4801126
:10B6A00021FA00F02044844AC0F30A517A44A1F2FE
:10B6B000FF3192ED000B814A8DED080BCA4020EA64
:10B6C0000202C0F3130040F48010C1F1140120FA0B
:10B6D00001F60992002CB8BF76429DED080B53ECA1
:10B6E000102B9DED0C0B51EC100BF4F7C8FECDE9BF
:10B6F0000C019DED0C0B51EC1A0B53EC102BF4F7D5
:10B700001DFE9FED6F0B0890CDE9085153EC102BF7
:10B710009DED080B51EC100BF4F7B7FE41EC1B0B41
:10B720009FED690B53EC102B9DED080B51EC100BAA
:10B73000F4F7ABFE9DED0C0B41EC1C0B53EC102B06
:10B740009DED080B51EC100BF4F799FE53EC1A2BFE
:10B75000F4F798FE9FED5E1B53EC112BF4F795FE6A
:10B7600053EC1C2BF4F7EAFD41EC1A0B51EC1B0BCC
:10B7700053EC1A2BF4F7E2FDCDE902019DED020B2B
:10B7800053EC1B2B51EC100BF4F779FE53EC1A2BF6
:10B79000F4F778FE9DED020B41EC1A0B53EC102BE5
:10B7A00051EC100BF4F771FECDE908014A489DED0C
:10B7B000080B0521784400F007F99DED081B51ECBA
:10B7C000100B53EC112BF4F760FE9DED021B53ECB4
:10B7D000112BF4F757FECDE906019DED020B53EC5A
:10B7E0001A2B51EC100BF4F750FE53EC1A2BF4F714
:10B7F000A5FD9FED3B0B41EC1A0B53EC102B9DED7F
:10B80000060B51EC100BF4F73AFE9DED060B41ECE4
:10B810001B0B53EC102B9DED020B51EC100BF4F7AE
:10B8200034FE53EC1B2BF4F7A2FE53EC1A2BF4F767
:10B8300026FE9DED021B53EC112BF4F720FE53EC7A
:10B84000192BF4F71FFECDE9020101EB065001159B
:10B850000029C8BF039015DC9DED020B324651EC68
:10B86000100BF5F727F8FEF765FC042808BF00F079
:10B8700073F932469DED020B51EC100BF5F71AF8F7
:10B88000CDE902019DED020B51EC180B53EC102B8E
:10B89000F4F7FBFDFFF73ABB00009040000000000A
:10B8A000FE822B654715973C00CC904000346F3FDB
:10B8B00001FCFFFF0000E03F80490000FFFF0F0098
:10B8C00000000000432EE63F396CA80C615C20BEEE
:10B8D000EF39FAFE422EE63FB847000000000000B4
:10B8E000000000000000004010B52DED020B2DED12
:10B8F000088B84B09DED0C0B51EC100BF5F742F862
:10B9000041EC180B9DED0C0B53EC182B51EC100B6C
:10B91000F4F7B5FD41EC190B0D989FED290B10F0D4
:10B92000004F53EC102B51EC190B9FED21AB9FED09
:10B9300022BB0ED0F5F782F80ED953EC1B2B51EC3D
:10B94000190BF5F793F81CD214E000BF41EC180B6B
:10B9500017E0F5F773F806D253EC1A2B51EC180BDD
:10B96000F4F78DFDF2E753EC1B2B51EC190BF5F7B7
:10B970007DF806D853EC1A2B51EC180BF4F7DEFCCB
:10B98000E4E78DED028B9DED0C0B18EE901A10EE96
:10B99000900A8DED000B61F31E0003909DED020BEC
:10B9A00004B0BDEC088B02B010BD00000000000028
:10B9B000000000000000F03F000000000000E03F39
:10B9C000000000000000E0BF70B504462DED028BC2
:10B9D0004D1E00EBC500B0EE408AF0EE608A90ED9F
:10B9E000000B35F0060017D053EC182B51EC100B60
:10B9F000F4F74BFD41EC100B6D1E04EBC50090ED10
:10BA0000001B51EC100B53EC112BF4F797FC41EC9D
:10BA1000100B35F00600E7D1022D36D0042D1CD0D6
:10BA2000062D1CBFBDEC028B70BD53EC182B51ECE6
:10BA3000100BF4F72AFD94ED0A1B53EC112BF4F7CD
:10BA40007DFC53EC182BF4F720FD94ED081B53EC10
:10BA5000112BF4F773FC41EC100B53EC182B51EC49
:10BA6000100BF4F712FD94ED061B53EC112BF4F7B9
:10BA700065FC53EC182BF4F708FD94ED040B53EC24
:10BA8000102BF4F75BFC41EC100B53EC182B51EC32
:10BA9000100BF4F7FAFC94ED021B53EC112BF4F7A6
:10BAA0004DFC53EC182BF4F7F0FC94ED001B53EC19
:10BAB000112BF4F743FCBDEC028B41EC100B70BD75
:10BAC0009FED070B10B553EC102B9FED070B51ECBE
:10BAD000100BF4F74CFD41EC100B10BD0000000002
:10BAE0000000000000000000000000000000F03F27
:10BAF00010B553EC102B51EC100BF4F71FFC41EC7C
:10BB0000100B10BD10B553EC112B51EC100BF4F7CA
:10BB100015FC41EC100B10BD9FED050B10B553EC5F
:10BB2000102B51EC100BF4F722FD41EC100B10BD63
:10BB300000000000000000009FED050B10B553EC65
:10BB4000102B51EC100BF4F7A0FC41EC100B10BDC6
:10BB500000000000000000709FED050B10B553ECD5
:10BB6000102B51EC100BF4F790FC41EC100B10BDB6
:10BB7000000000000000001030EE200A70470000B6
:10BB80009FED020A20EE000A70470000000000103E
:10BB900002E008C8121F08C1002AFAD17047704796
:10BBA000002001E001C1121F002AFBD170470000F4
:10BBB0000149086070470000640300202DE9FF5F21
:10BBC00082B00021DDE90430020DDDF840B003430E
:10BBD00018D044F61050A2F2FF32424315141198C7
:10BBE00001281FD0A5EB0B00401C5FEA000A4FF0B4
:10BBF00000064E4FDFF83891B046504615D5CAF1D1
:10BC0000000413E0119801244AA3012801D16FEA2E
:10BC10000B010298119AC0E90031C0E9024206B056
:10BC2000BDE8F09FCBF10000DFE704460021404A69
:10BC3000491842EB0450CDE9001012E0E00707D0AC
:10BC400032463B4640464946F4F71FFC804689464B
:10BC500032463B4610461946F4F717FC06460F4697
:10BC60006410002CEAD1DDE90401DDE90023BAF11A
:10BC7000000F06DAF4F709FC42464B46F4F705FCE0
:10BC800005E0F4F774FC42464B46F4F770FC0446BA
:10BC90000E460022284BF4F7E9FE03D84FF0FF30A0
:10BCA000014607E00022254B20463146F4F746FBCB
:10BCB000F4F7ACFE102409E0002C0ADB0A22002372
:10BCC000F4F7E0FA039B30321A55641E50EA010281
:10BCD000F2D1641C039AC4F111031444119A012A8D
:10BCE00003D0012208430DD10AE0084304D000200C
:10BCF0004FF0110B119072E7A3EB0B056D1E0DE0D9
:10BD00005B4504DD4FF0000205F1010504E003DAB4
:10BD10004FF00002A5F10105002AECD0029811991C
:10BD2000C0E90231C0E9004579E700000000144095
:10BD30000000F03F300000000000F0430000E03F52
:10BD40002DE9FF4F95B09A46884606460025EEE15C
:10BD5000252877D100242746F94A0121039400E0E1
:10BD6000044316F8013F203B01FA03F01042F7D1DB
:10BD700030782A2811D06FF02F033078A0F13002EC
:10BD8000092A16D8039A44F0020402EB820203EB5C
:10BD900042021044761C0390EFE758F8042B0392FC
:10BDA000002A03DA504244F40054039044F00204A1
:10BDB000761C30782E2816D116F8010F44F00404B2
:10BDC0002A280DD06FF02F023078A0F13003092B14
:10BDD00009D807EB870302EB4303C718761CF3E788
:10BDE00058F8047B761C30786C280FD006DC4C2881
:10BDF00017D068280DD06A2814D104E0742810D018
:10BE00007A280FD10DE044F400140AE044F48014C1
:10BE100001E044F440147278824202D104F58014A7
:10BE2000761C761C307866280BD013DC582877D027
:10BE300009DC002875D04528F6D04628F4D04728DC
:10BE40001AD193E118E0632835D0642879D06528A9
:10BE500012D18BE1702873D008DC6728F1D06928F3
:10BE60006FD06E280DD06F2806D1ACE073282CD08F
:10BE7000752874D0782853D05246179990476D1C76
:10BE800054E1C4F30250022809D003280DD0D8F899
:10BE9000001004280DD00D6008F1040846E1D8F820
:10BEA0000010EA17C1E90052F6E7D8F800100D803B
:10BEB000F2E70D70F0E718F8041B8DF80010002071
:10BEC0008DF80100EB46012003E058F804BB4FF069
:10BED000FF3061074FF0000102D40DE009F10101CC
:10BEE0008946B9420FDA8145F8DB1BF809100029B1
:10BEF000F4D108E009F1010189468142FADB1BF81F
:10BF000009100029F6D103985346A0EB09072146F2
:10BF10003846179A00F080FA284400EB090507E03C
:10BF200044E008E10DE01BF8010B524617999047D9
:10BF3000B9F10109F7D2534621463846179AF2E083
:10BF400039E00A21C4F302524FF0000B0091022A9B
:10BF500006D058F8040BC117032A09D00AE023E0E1
:10BF600008F1070020F00702F2E80201904605E020
:10BF700000B2C117042A01D140B2C117002906DA64
:10BF80000A460021404261EB02012D2202E0220517
:10BF900004D52B228DF80420012203E0E20701D012
:10BFA0002022F7E7914657E00A2100E010214FF0E8
:10BFB000000B00910BE010214FF0000B44F0040443
:10BFC0000827009103E008204FF0000B0090C4F315
:10BFD0000252022A05D058F8040B0021032A08D087
:10BFE00008E008F1070020F00702F2E8020190469D
:10BFF00003E080B2042A00D1C0B24FF0000922074A
:10C000002AD53278702A07D0DDF800C08CF0100CE9
:10C010005CEA0B0C05D00EE040228DF804200122D2
:10C0200008E050EA010306D030238DF804308DF883
:10C03000052002229146009B83F0080353EA0B037C
:10C040000AD150EA010201D1620705D530228DF8EC
:10C0500004204FF001097F1E3278582A04D039A2FB
:10C060000C920CAA02920BE03BA2F9E75B46009A05
:10C07000F4F708F90C9B9B5C029A521E0292137013
:10C0800050EA0102F2D1029804A9081A00F1200B2B
:10C09000600702D524F4803400E001275F4502DD0B
:10C0A000A7EB0B0000E0002000EB0B0100900398D1
:10C0B0004944401A0390E00306D453462146179A98
:10C0C000039800F0A9F90544002706E001A85246AC
:10C0D000C05D179990476D1C7F1C4F45F6DBE00350
:10C0E0000CD553462146179A039800F095F905445C
:10C0F00004E030205246179990476D1C0099481E65
:10C1000000900029F5DC08E0029802995246007878
:10C11000491C0291179990476D1CBBF10001ABF1CE
:10C12000010BF1DC5BE100F065F90544761C307829
:10C1300000287FF40DAE19B02846BDE8F08F00004E
:10C1400009280100303132333435363738396162ED
:10C1500063646566000000003031323334353637B1
:10C16000383941424344454600000000600700D48E
:10C17000062708F1070020F00700F0E802238046B8
:10C1800003F0004C5FEA0C0001D097A009E0200505
:10C1900001D596A005E0E00701D095A001E0AFF23F
:10C1A0004C001390307823F0004365280CD006DC57
:10C1B000452809D046281DD047287FD13BE0662876
:10C1C00018D067287AD136E00021112F01DB112029
:10C1D00000E0781CCDE9000104A90CA8FFF7EEFCF3
:10C1E000DDE90D010C9A4FF0000B07F101091092E7
:10C1F00000914EE04FF000400097CDE9011004A9F6
:10C200000CA8FFF7DBFCDDE90D020C9B0F994FF04A
:10C21000000B91461093009211B9791C00EB0109B3
:10C22000B7EB090003D4C0F1FF3B07F10109A9EB0B
:10C230000700019042E0012F00DA01270021112FB1
:10C2400001DD112000E03846CDE9000104A90CA869
:10C25000FFF7B4FCDDE90D010C9A00914FF0000BE3
:10C26000B946109221070FD4009A4A4503DA914645
:10C2700001E0A9F10109B9F1010F05DD109AA9F159
:10C280000101515C3029F4D0B84202DA10F1040FF8
:10C2900003DA0121CDE9011010E0002803DC83441A
:10C2A000A9EB000102E0411C494500DD8946A0EBF5
:10C2B0000B00401C01904FF000400290200705D475
:10C2C0000198484502DB4FF0FF30019000208DF8C7
:10C2D0004B0002980DF14B07B0F1004F25D0022022
:10C2E0000C902B200D90029800280CDA404202900E
:10C2F0002D200D9007E00A210298F4F700FA303162
:10C30000029007F8011D0C99481E0C900029F2DCE0
:10C3100002980028EFD1791E0D980870307800F04F
:10C32000200040F0450007F8020D11A8C01BC01DF9
:10C3300002901398007800B1012000EB09010198E8
:10C3400001EBE071029801440398401A401E0390EB
:10C35000E00306D453462146179A039800F05CF890
:10C3600005441398007818B15246179990476D1CF0
:10C37000E00323D553462146179A039800F04CF862
:10C3800005441BE0BBF1000F07DB0098584504DDB6
:10C390001098179910F80B0001E0179930205246B9
:10C3A000904701980BF1010B401E05F1010501902A
:10C3B00004D12E205246179990476D1CB9F1000107
:10C3C000A9F10109DEDC05E017F8010B52461799C7
:10C3D00090476D1C0299481E02900029F4DC5346D8
:10C3E0002146179A03989EE62D0000002B000000BE
:10C3F000200000002DE9F041044600251E461746A6
:10C40000880404D405E039462020B0476D1C641E22
:10C41000F9D52846BDE8F0812DE9F0410446002514
:10C420001E469046C80301D5302700E02027880427
:10C4300004D505E041463846B0476D1C641EF9D569
:10C440002846BDE8F08110B541EC100BFEF760F80E
:10C4500051EC100B10BD00000FB470B52DED0C8B1E
:10C460009FEDBE9ABE4CB7EE00AA9DED13DAD4ED57
:10C47000000A94ED010A94ED021AB0EE008A20EE53
:10C48000802A60EE812AD4ED030A20EE003AF0EE15
:10C490004A8A60EE201A21EE010ADDED149A61EE5F
:10C4A000200ADDED15AA33EE000A31EEE21A72EE33
:10C4B000200A199D40EE488A2DEE0D0ADDED10DAB6
:10C4C000DDED11CADDED12BA09EEA90A21EE08CAA6
:10C4D00020EE88BA0AEEAA0AFAF752F969EE801A33
:10C4E0002DEE001A6AEE800A9E4821EEA80A00EEA0
:10C4F000CB0A60EE8C0A41EE680A21EE0B1A01EEBF
:10C50000CC1AD0ED001A71EE803AC0ED003AD0EDB1
:10C51000011A71EEA02AC0ED012AD0ED021A31EE07
:10C52000813A80ED023ADFED901A20EE210A9FED6C
:10C530008F2A60EEA10A21EE211A03EE820A42EE52
:10C54000820AD4ED012A03EE021A94ED022A30EE9B
:10C550002D0A94ED033A70EEAC0A62EEC01A31EE89
:10C560002B1A42EE601A43EE411A61EE893AD4ED7D
:10C57000001A21EE804A61EEA04A02EE014A42EE24
:10C58000C14A21EE811A02EEA01A03EE604A43EE80
:10C59000004A02EE401A24EE094A31EEA30A64EE84
:10C5A000894A84ED000A61EE090A32EE841A20EE0F
:10C5B000000A72EE241A73EE200A84ED011A01EECD
:10C5C000010AC4ED021AC4ED030A01EEA10A00EE4D
:10C5D000A00AFAF7D5F8D4ED000AF8EE008A60EE6A
:10C5E000801AC4ED001AD4ED010A61EE881A20EE1B
:10C5F000801A84ED011AD4ED020A60EE800AC4EDBF
:10C60000020A94ED032A22EE000A21EE282A84ED84
:10C61000030A62EE012A20EE882A42EE602A22EE08
:10C62000000A01EE810A72EE8A0AFEF7DDF9DFEDFB
:10C63000500A20EE200A85ED000A94ED010AD4ED9F
:10C64000030A94ED021A20EE280A20EE200AD4ED07
:10C65000000A60EE880A00EE810A10EE100AF4F774
:10C660001FF841EC100BFDF7A3FD9FED42BB51EC11
:10C67000100B53EC1B2BF3F708FFF4F724F868605A
:10C6800094ED00CAD4ED019A94ED029A2CEE0C0AB6
:10C69000D4ED038A09EEA90A09EE490A08EEE80A70
:10C6A00010EE100AF3F7FCFF29EE890A41EC1A0B91
:10C6B0000CEE280A20EE080A10EE100AF3F7F0FF3D
:10C6C00041EC100BB0EE4A1AF0EE6A1AFEF78CF845
:10C6D00053EC1B2B51EC100BF3F7D7FEF3F7F3FFE2
:10C6E00000EE100A1F4885ED020A3C38D5ED000A1D
:10C6F00090ED001A214970EEC10AC5ED000AD5ED92
:10C70000010A90ED011A70EEC10AC5ED010AD0EDE3
:10C71000020A30EE600ADFED1A0A10EE100A85ED0B
:10C72000020A884203DD30EE600A85ED020A10EE4F
:10C73000100A1449884203D930EE200A85ED020A16
:10C740000848D5E900120C3810EE103A80E80E00C7
:10C75000BDEC0C8B70BC5DF814FB00000AD7A33B4A
:10C760006801002034E60020CDCC4C3F17B7D1380B
:10C770001B2F654200000060E3A54C4000003443DD
:10C780000000B443000034C31CB5094A5378012BA0
:10C790000DD0107051800120507000211820CDE97B
:10C7A00000010B46402203A1054802F0C3FB1CBD5B
:10C7B000C200002062757A7A65725461736B000062
:10C7C000E9C700087047000000224FF4807101485B
:10C7D000F6F749BA00000240012211020148F6F7BB
:10C7E00042BA00000000024070B50024114D4FF421
:10C7F0007A7615E0FFF7F0FF68884FF47A714843C6
:10C80000B0FBF6F001F094FDFFF7DEFF68884FF40F
:10C810007A714843B0FBF6F001F08AFD641CE4B283
:10C8200028788442E6D300206870BDE8704001F0AB
:10C83000EBBD0000C20000204FF480710148F6F704
:10C840000ABA0000000002402DE9F04188B080469D
:10C850000027501E15460E460697082821D206B31B
:10C86000134C791EE06802F06FFA012819D1606854
:10C87000F5F7ADFB10F0FF0FF9D00420CDE902076A
:10C88000CDF80480049506AB324669466068F5F73A
:10C8900035FA002305461A461946E06802F05AF8B0
:10C8A0001DB1012008B0BDE8F0810020FAE70000CA
:10C8B000DC0000202DE9F04188B080460026501EA3
:10C8C00015460F460696082820D2FFB1124C711E5D
:10C8D000E06802F039FA012818D16068F5F777FBB3
:10C8E00010F0FF0FF9D0CDF800800296CDE9036576
:10C8F00006AB3A4669466068F5F700FA002305463C
:10C900001A461946E06802F025F81DB1012008B06A
:10C91000BDE8F0810020FAE7DC000020014900209A
:10C92000486270470010004010B504460E48006889
:10C930004FF47A71B0FBF1F04FF0FF31B1FBF0F042
:10C94000A04209D2084800684FF47A71B0FBF1F0B8
:10C950004FF0FF31B1FBF0F44FF47A7104FB01F0BA
:10C9600000F004F810BD00002C0000202DE9F0417B
:10C9700005461B4800681B49B0FBF1F04FF0FF3142
:10C98000B1FBF0F0A84208D2154800681549B0FB89
:10C99000F1F04FF0FF31B1FBF0F51148006811499B
:10C9A000B0FBF1F045430027F4F784FD0446002670
:10C9B000B04610E0F4F77EFD0646A64201D24FF0E5
:10C9C0000108B8F1000F02D0701E071B00E0371BF2
:10C9D000AF4200D300E0EDE700BFBDE8F08100000A
:10C9E0002C00002040420F0082B0CDE9000121F070
:10C9F000004001909DED000B02B051EC100B704710
:10CA000013B5054C6423012269462068F7F7FFFF40
:10CA10000028F7D100981CBD0000002010B50028A8
:10CA200021D0114B0022001F196803E0814203D876
:10CA30000A4649680029F9D152B11368841A9C4208
:10CA400004D1006818441060104602E0506000E015
:10CA5000186039B102680B1A934203D10B681A446B
:10CA600002604968416010BD5C0300200948406ACB
:10CA700081B2094802468180438852699942A1EBFC
:10CA800003031A4402D24FF6FF731A4442614180F5
:10CA900010467047001000400400002010B5044606
:10CAA000007B40B10020207338B100F033F8608083
:10CAB0006089208124E00120F5E700F02BF8208038
:10CAC00061888842A0EB010002D24FF6FF71084452
:10CAD000208180B200EE100A9FED0A1AF8EE400A9B
:10CAE00081EE200A10EE100AF3F7DAFD41EC100B8C
:10CAF000FEF7FAFE51EC100BF3F7B9FD20816081CF
:10CB0000208910BD0050C34710B5044600F002F85C
:10CB1000608010BD0148406A80B27047001000403C
:10CB200010B50446FFF7F6FF208061888142A0EB34
:10CB3000010002D94FF6FF71084400EE100A9FED84
:10CB4000081AB8EEC00A84ED010AF0EE400A80EE41
:10CB5000810ADFED040A20EE200A84ED010A10BDEF
:10CB60000050C34700007A44FFF7DEBE01210148B0
:10CB7000F6F76CB80010024000EE100AB7EE001A8B
:10CB800070B5F8EE400A344C2DED028B81EE200A90
:10CB9000DFED300A607820EE208A40B10025257054
:10CBA0006580A580FFF7E2FF012800D16570FFF7DF
:10CBB000DDFF012528B9607818B92570A088401CD0
:10CBC000A0809FED260AA188C0EE080ABCEEE00A0C
:10CBD00010EE100A80B2884204D265700320BDECCA
:10CBE000028B70BD207888B3FFF7C0FF012802D107
:10CBF0006088401C6080207840B39FED190AC0EE29
:10CC0000080ABCEEE00A10EE100A9FED160A81B287
:10CC1000608881420ED2C0EE080AFCEEE00A10EEF7
:10CC2000901A89B2814205D9FFF7A0FF70B96570EB
:10CC30000220D4E7C0EE080ABCEEE00A10EE101A9B
:10CC400089B2814203D265700120C8E7FFE7002066
:10CC5000C5E7000000007A44BC0000200000FA4351
:10CC600000004842000096431FB5F6F73BFAFAF77A
:10CC70000DFDF9F711F8F8F73FFFF9F723FBF9F786
:10CC80003DFBF9F757FBF9F74FF9F9F7C9F9F9F750
:10CC9000FBF9F9F72FFAF9F7C5FAF9F7B3F8F9F74D
:10CCA000E3F8F9F713F9F8F795FEF9F759FAF8F7F9
:10CCB00001FFF9F7EBFAF8F7CBFEF9F775FA4748F9
:10CCC000F6F770FEF4F7FCFBF4F700F84448006850
:10CCD000804700214348F7F71DF804214148F7F742
:10CCE00019F800214048F7F715F804213E48F7F7F6
:10CCF00011F800213D48F7F70DF804213B48F7F7FC
:10CD000009F800213A48F7F7A1FA04213848F7F763
:10CD10009DFA08213648F7F799FA0C213448F7F7BD
:10CD200095FA00213348F7F791FA04213148F7F7D3
:10CD30008DFA00213048F7F789FA00212F48F7F7DC
:10CD400085FA2B48002401684C6301688C630168F4
:10CD5000CC6300680464274801684C6300688463FE
:10CD6000254800684463254800684463042124483A
:10CD7000F7F76CFA2248006884634FF4FA70F5F70D
:10CD8000B1FDFAF781F804216846FDF71BF8009819
:10CD90001C49421C04D040F6AC52904200D8088195
:10CDA0000198401C03D09DED010A81ED160A0298FE
:10CDB000401C03D09DED020A81ED170A0398401C28
:10CDC00004D00198642801D80398486100F0F2F873
:10CDD000F8F7D8FE00F000F9FEE70000000600209A
:10CDE000FC0000202805002070050020B805002068
:10CDF000E004002090060020D80600202007002034
:10CE00006807002020020020F0B50B30154D20F0FF
:10CE100007010024144A0FE003688B420BD38B42B6
:10CE200005D95E1A43184768C3E9006700E0436804
:10CE3000136002C004E0021D10680028ECD12046F7
:10CE4000002802D1286808B10020F0BD064A074832
:10CE50001060074A121A22F00702C0E900240120DC
:10CE60002860D7E7600300205C03002094F90020CD
:10CE700090FB002018B17F2803D87F3002E07F208C
:10CE800070478038C0B270472DE9F84FB5EEC00A40
:10CE900001250746F1EE10FA4348994690468B4625
:10CEA00004D2A91EB1EE400A816000E08560FDEE6B
:10CEB000C00A3F4E4FF00C03C0ED000AF8EEE00A46
:10CEC00030EE600ADFED390A20EE200ABDEEC00A1E
:10CED00080ED010A306080680095002801DD2B227A
:10CEE00000E02D2259463846F9F748FB0C240094FF
:10CEF000306843465946026807F10800C0B2F9F7A6
:10CF000085FB009507EBC805A81DC0B20C232E2297
:10CF10005946F9F733FB30684FF00A0A426805F1C9
:10CF20000C00642A33DA07EBC8071237B9F1030F94
:10CF300010D0642A06D2C0B20123002259460094C0
:10CF4000F9F764FB30684168F8B291FBFAF200949B
:10CF5000012317E0C0B20123002259460094F9F7DB
:10CF600055FB30684268F8B20A2A009416DA0123A9
:10CF700000225946F9F74AFB009430681835426898
:10CF8000E8B2E5E75946F9F741FBBDE8F88FB9F19A
:10CF9000030F05D092FBFAF2C0B200940223F1E72E
:10CFA000C0B203230094EDE794DF002000007A4430
:10CFB0001C010020EFF3058010B16FF005007047F1
:10CFC0000448016811B14FF0FF3070470121016042
:10CFD000002070478800002010B5EFF3058010B1E5
:10CFE0006FF0050010BD08480168012902D04FF01C
:10CFF000FF3010BD054A002182F8141D0221016096
:10D0000001F0D4FA002010BD880000200BE000E001
:10D01000F8B51D466FF003026FF002064FF00004F2
:10D02000EFF30583A3B1F0B1E9B1E5B900220092B5
:10D030006A4601F03BFE012817D10098B0B10C49B7
:10D040004FF080500860BFF34F8FBFF36F8F0DE03C
:10D0500048B141B12A4601F08DFD012806D025B125
:10D060006FF0010402E0144600E034462046F8BDAB
:10D0700004ED00E0F8B514464FF00005EFF305822B
:10D0800012BB08B301B3A4B1D4E9023263B1502A90
:10D090001AD32269C2B1676900FB01F6B74213D304
:10D0A000009501F0DFFB07E072B9226962B962699D
:10D0B00052B9002201F0B5FB050005D00CB1216882
:10D0C00000E0002101F0FEF82846F8BDF8B51D4645
:10D0D0006FF003026FF002064FF00004EFF30583D8
:10D0E000ABB100B3F9B1F5B90022134600926A461C
:10D0F00001F0E0FC012818D10098B8B10C494FF0BC
:10D1000080500860BFF34F8FBFF36F8F0EE050B1B8
:10D1100049B100232A4601F01DFC012806D025B1A3
:10D120006FF0010402E0144600E034462046F8BDEA
:10D1300004ED00E02DE9FF414FEA01034FF0000547
:10D14000EFF30581039549BB40B3802718210024E4
:10D150004AB3166806B1344696691EB13146761E4A
:10D16000382E02D21679F60703D0002004B0BDE8AD
:10D17000F081566906B1B708D2F808C0BCF1000FBB
:10D180000DD0D568602D18D312693AB136B18DE84B
:10D1900006103A46214601F0FAFE03900DE0D668EB
:10D1A0005EB912694AB903AACDE90012BAB22146A2
:10D1B00001F0C0FE012800D003950398D6E70000D7
:10D1C0002DE9F041134C0F460546E6682068001D26
:10D1D00000F056FF681C07D137B12168BDE8F04167
:10D1E0000D48091D00F0C0BF20683544B5424560B8
:10D1F000216805D2206CBDE8F041091D00F09CBFFC
:10D20000E06B091D00F098FFA06A854200D2A5627C
:10D21000BDE8F08130000020A80F00202DE9F0418A
:10D22000054600F0ADFF2D4CA068401CA0602068B2
:10D230002B4F10B1606930B32BE02560A068012846
:10D2400027D1002606EB860007EB800000F066FF82
:10D25000761C382EF6D3234800F060FF21481430A6
:10D2600000F05CFF1F48283000F058FF1D483C309C
:10D2700000F054FF1B48503000F050FF1948E063A5
:10D280001430206405E02068E96AC06A884200D84A
:10D290002560606A401C60626864E86A21698842AF
:10D2A00000D9206100EB800007EB8000291D00F011
:10D2B0005BFF00F085FF606900280CD02068E96AF8
:10D2C000C06A884207D208494FF080500860BFF317
:10D2D0004F8FBFF36F8FBDE8F0810000300000205A
:10D2E000F80A0020580F002004ED00E038B500F0E7
:10D2F00047FF104C2068C8B90F4800F00FFF0E48D8
:10D30000143000F00BFF0C48E060143020610A4B31
:10D310000020F03B009003F1500210210A2001F0A0
:10D32000A1FA206010B105A100F0CCFFBDE83840A3
:10D3300000F046BF74000020AC100020546D725104
:10D340000000000030B4026C0B46002A0BD0C1680C
:10D350001144C1608468A14201D30168C16030BC3E
:10D360001846F2F7C0BF30BC70472DE9F041856B1D
:10D37000174604460026026C82B1C7B1E068F2F796
:10D38000B2FFE168206C091AE1602268914202D282
:10D39000A168081AE060022F16D017E02068A8B92B
:10D3A000A06801F09FFE06460020A0600EE06068C5
:10D3B000F2F799FF216C606808446060A1688842B8
:10D3C00004D32068606001E005B16D1E6D1CA5638B
:10D3D0003046BDE8F08110B5044690F85D0058B1C4
:10D3E00001280CD002280FD0502080F31188BFF301
:10D3F0004F8FBFF36F8FFEE7206B00F0F5FE2046E6
:10D40000BDE8104000F0F0BE10BD000010484FF421
:10D410004841420706D0C01D0D4920F00700411ABF
:10D42000C1F548410B4A00230144C2E90003083911
:10D43000183A21F0070111604B600B600B1AC0E92C
:10D44000001393604FF0004053605061704700003C
:10D4500094170020A4000020154E164CA6F29C47FD
:10D460004FF08058DFF8509012E000BF00F088FEC7
:10D47000F068C568281D00F003FEA068401EA0608B
:10D480006068401E606000F09BFE2846FFF7A3FF27
:10D4900060680028EAD13868012805D9C9F80080F9
:10D4A000BFF34F8FBFF36F8F00F014FEF0E7000063
:10D4B000940F00203000002004ED00E0002807D089
:10D4C0000021816001600B460A46C16001F042BA4A
:10D4D0007047000070B51D46049C51B1C4F800208F
:10D4E000C4E90F010121204601F0F0F984F84C5005
:10D4F00070BD2460F4E700002DE9F05F8846DDE9A7
:10D500000B941546834691009A460A9EA522206BED
:10D51000F2F7FBFE6FF00301206B01EB850108447D
:10D5200020F00707780707D0502080F31188BFF359
:10D530004F8FBFF36F8FFEE70025B8F1000F0FD0BC
:10D540005FF00000221818F8001082F8341018F864
:10D55000001011B1401C1028F4D384F8435001E0AE
:10D5600084F83450382E00D33726E662C4E91365B8
:10D57000201D00F0DEFD04F1180000F0DAFD24614A
:10D58000C6F138006462A0616565A56584F85C50E9
:10D5900052465946384600F06DFA2060B9F1000F46
:10D5A00001D0C9F80040BDE8F09F000030B5114936
:10D5B00000E011460A688242FBD34B685C18844243
:10D5C00003D1406818444860084643681C189442D8
:10D5D00009D1084C183C2468A24209D052681A4468
:10D5E00042600A6812680260814200D0086030BD63
:10D5F0000460F9E7A400002070B5002441600B4DE1
:10D600000061914206D8D11A8269914206D2011D69
:10D61000286907E09A4203D2994201D3012403E02A
:10D62000011DE86800F088FD204670BD74000020F0
:10D6300010B5044600F0A4FDA06B28B15FF0000413
:10D6400000F0BEFD204610BD0124F9E730B589B0D9
:10D650003C4D6EE00498002806DADDE90601059AE3
:10D6600090470498002864DB069C606910B1201D77
:10D6700000F006FD03A800F0D7F8024604980A2837
:10D6800057D2DFE800F00505052D334A05052D3397
:10D6900094F8280040F0010084F828000599A0695A
:10D6A000059B01442046FFF7A7FF68B3216A204687
:10D6B000884794F8280040073BD500200090059843
:10D6C000A169002342181946204601F051FED8B93D
:10D6D000502080F31188BFF34F8FBFF36F8FFEE7A9
:10D6E00014F8280F20F00100207022E094F82800A0
:10D6F00040F0010084F828000598A06128B1811845
:10D7000013462046FFF778FF13E0502080F311887E
:10D71000BFF34F8FBFF36F8FFEE794F828008107A8
:10D7200003D4204600F060FD03E020F0010084F8FF
:10D730002800002204A9286801F01CFA002889D1D9
:10D7400009B030BD740000202DE9FC410F460546AC
:10D7500000F072FF01A800F067F80446019818B1C4
:10D7600001F074FDBDE8FC81254EAFB13069006861
:10D77000D0B30027291B3A46306800F0B7FD01F00E
:10D7800065FD0028EED11F494FF080500860BFF3BF
:10D790004F8FBFF36F8FE5E7A542EBD801F056FD41
:10D7A000F0682746C068C468201D00F069FC94F842
:10D7B0002800410719D5A0692B4641193A46204651
:10D7C000FFF71AFFA8B100200346014600902A4641
:10D7D000204601F0CDFD60B9502080F31188BFF3E1
:10D7E0004F8FBFF36F8FFEE707E020F0010084F852
:10D7F0002800216A20468847B4E70127BAE70000DD
:10D800007400002004ED00E00648C16B096829B1EE
:10D81000C16BC968C9684968816270474FF0FF31C0
:10D82000FAE700003000002070B5054601F0E8FB83
:10D83000064E0446B068844203D200F009F8012085
:10D8400000E0002028602046B46070BD7400002015
:10D85000F8B5194D20E0C068C4680668201D00F0C6
:10D860000FFC216A2046884794F82800400713D50A
:10D87000A0693044B04206D924616060211DE86887
:10D8800000F05AFC08E000200346014600903246B2
:10D89000204601F06DFD38B1E86801680029DAD151
:10D8A0002969C5E90310F8BD502080F31188BFF342
:10D8B0004F8FBFF36F8FFEE7740000200848406869
:10D8C000401C4FF0500080F3118804D0BFF34F8FFD
:10D8D000BFF36F8FFEE7BFF34F8FBFF36F8FFEE78E
:10D8E000AC000020074CE068016841B1C06800212D
:10D8F000D0F80000FFF728FFFFF7A8FEF3E70121AB
:10D900000020F7E7740000202DE9F041044600F004
:10D9100037FC94F9455004F1240609E0606A48B1E7
:10D92000304601F05BFC08B100F0BEFD6D1E6DB22B
:10D93000002DF3DC4FF0FF3684F8456000F040FC2A
:10D9400000F01EFC94F9445004F1100709E020692E
:10D9500048B1384601F042FC08B100F0A5FD6D1E4B
:10D960006DB2002DF3DC84F84460BDE8F04100F0B6
:10D9700027BC00002DE9F0410546002700F05CFEC1
:10D98000354E306808B9FFF741FD7069054216D180
:10D99000ADB1083568070ED005F00700C0F10800EA
:10D9A0000544680707D0502080F31188BFF34F8FDC
:10D9B000BFF36F8FFEE715B17068854202D901F0A1
:10D9C00045FC39E02448183001460C6801E0204647
:10D9D0000C466168A94202D221680029F7D131685A
:10D9E0008C42ECD007682168016060680837411BF1
:10D9F00010290ED96019420707D0502080F31188F2
:10DA0000BFF34F8FBFF36F8FFEE741606560FFF795
:10DA1000CDFD61687068401A7060B268904200D2B3
:10DA2000B060706901430020C4E90001F068401C47
:10DA3000F06001F00BFC0FB900F04EFB780707D047
:10DA4000502080F31188BFF34F8FBFF36F8FFEE735
:10DA50003846BDE8F08100008C00002004490868C9
:10DA600018B10868026D521C026508687047000012
:10DA70003000002010B5031F4FF080741C601B1F86
:10DA800021F001011960191F044B0B6014390A6061
:10DA9000091F6FF0020244380A6010BDBDD80008AB
:10DAA00001884068F5F7D2B82DE9F04104460F46E9
:10DAB0000025406800F0CDF80026206800F05DF9F0
:10DAC0000120FEF753FF206800F052F90120FEF715
:10DAD0004DFF6806050E6068FFF7E2FF08B145F0EC
:10DAE0000105761CF6B2082EE7D36068E7B100F0B6
:10DAF000C4F8206800F041F9606800F03EF90120A8
:10DB0000FEF734FF606800F038F9206800F030F963
:10DB10000120FEF72BFF206800F02FF9606800F06D
:10DB200027F92846BDE8F08100F0A7F8206800F04A
:10DB300024F9606800F021F90120FEF717FF606802
:10DB400000F016F9E1E770B504460E46406800F0B3
:10DB500094F8206800F011F900253006606802D5BD
:10DB600000F006F901E000F008F90120FEF7FEFEE2
:10DB70007006060E206800F0FBF80120FEF7F6FEA6
:10DB8000206800F0FAF86D1CEDB2082DE5D370BDE9
:10DB900010B50446406800F070F8206800F0EDF819
:10DBA000606800F0E5F8206800F0E2F80120FEF778
:10DBB000DDFE606800F0E1F80120FEF7D7FE206886
:10DBC000BDE8104000F0D9B810B50446406800F038
:10DBD00054F8206800F0D1F8606800F0CEF82068B2
:10DBE00000F0C6F80120FEF7C1FE606800F0C0F842
:10DBF000BDE810400120FEF7B9BE70B504460E46E0
:10DC00000025406800F025F8606800F0B1F80120B8
:10DC1000FEF7ACFE206800F0ABF80120FEF7A6FE90
:10DC20000AE001206D1CFEF7A1FEB54204D9204692
:10DC3000FFF7CAFF002070BD6068FFF731FF0028C2
:10DC4000EFD1206800F099F8606800F016F8012024
:10DC500070BD10B586B0044614216846F2F75CFB2F
:10DC600020880090002001900290032003906946D4
:10DC70006068F4F7F3FE06B010BD10B586B0044638
:10DC800014216846F2F748FB20880090012001909B
:10DC9000002002900320039069466068F4F7DEFEDE
:10DCA00006B010BD1148A0F1300190ED010AD1ED90
:10DCB000010A30EE200A80ED010A90ED000AD1ED54
:10DCC000000A30EE200A80ED000A90ED020AD1ED44
:10DCD000020A30EE200A80ED020A543800F15401A5
:10DCE00024300EC980E80E007047000028E60020AE
:10DCF0001D482422A0F1300190ED000AD1ED000A68
:10DD000030EE200A80ED000A90ED010AD1ED010A03
:10DD100030EE200A80ED010A90ED020AD1ED020AF0
:10DD200030EE200A80ED020A90ED030AD1ED030ADD
:10DD300030EE200A80ED030A90ED040AD1ED040ACA
:10DD400030EE200A80ED040A90ED050AD1ED050AB7
:10DD5000014630EE200ADFED050A30EE600A80ED64
:10DD6000050A3038F2F7BFBA04E60020000080460A
:10DD7000018840680122F4F776BF018840680022DC
:10DD8000F4F771BF1FB505260025214F214CDFF8A0
:10DD900088A00095019502954FF48079039520782D
:10DDA0006178884202D06068C06980472078B042BC
:10DDB00001D32570F3E7607079686846884700F002
:10DDC000FF08207830B1012807D0022808D00328A6
:10DDD00009D00AE0F9F77EF807E0F7F7FFFB04E067
:10DDE000F3F7E0FB01E0F8F75DFE0C48807E0228C7
:10DDF00006D1A068401CA060B0EB580F04D3A5600A
:10DE000049465046F4F727FF322000F091FAC6E762
:10DE100094010020D00200200010024020020020C7
:10DE200000B52DED048B83B041EC190BF2F759FDD1
:10DE300041EC180B18EE100A18EE901A8DED008BBD
:10DE4000002818BF0120084320F00040C0F17F6087
:10DE500000F1E040C00F14D019EE101A19EE900A2C
:10DE60008DED009B002918BF0121084320F00040E0
:10DE7000C0F17F6000F1E040C00F04BF0120FDF75A
:10DE800097FE51EC180B03B0BDEC048B00BD0000F5
:10DE90001C49884201D2002070471B49884201D2A8
:10DEA000012070471949884201D202207047184961
:10DEB000884201D2032070471649884201D20420CB
:10DEC00070471549884201D205207047134988429E
:10DED00001D2062070471249884201D207207047BC
:10DEE0001049884201D2082070470F49884201D268
:10DEF000092070470D49884201D20A2070470B2043
:10DF000070470000004000080080000800C00008C2
:10DF100000000108000002080000040800000608D4
:10DF20000000080800000A0800000C0800000E08A5
:10DF30002DE9F0470646002005464FF004094E4FF4
:10DF400080464E4C77E02179072970D2DFE801F056
:10DF5000041F2A35495C7900715DAA2902D1217814
:10DF6000AA2902D084F8018061E06178491CC9B215
:10DF7000617003295BD1AA2139707970B970F97089
:10DF800084F801800121217184F802904FE0A1788A
:10DF9000725D7A54491CA170715DE2781144E170A0
:10DFA000022143E0A178725D7A54491CA170715D31
:10DFB000E2781144E170032138E0A178725D7A546F
:10DFC000491CA170715DE2781144E1706178491CCF
:10DFD000C9B2617002292AD184F8018084F80490C2
:10DFE00025E0A178725D7A54491CA170715DE278D8
:10DFF0001144E1706178491CC9B26170022916D1DF
:10E0000084F80180052111E0A178725D7A54491CE1
:10E01000A170715DE2781144E1706178491CC9B268
:10E020006170B82903D184F8018006212171715DE6
:10E030006D1C2170EDB2B6F8C810A94283D8BDE8B6
:10E04000F087A178725D7A54491CA170715DE27805
:10E05000914208D10849C322A1F1C300F2F743F964
:10E06000F9F724FA012084F8018084F802804146FF
:10E0700084F80380DAE70000CDE70020A00100204B
:10E08000D0E9013201699A60D0E901235A604A68F7
:10E09000824201D182684A60002202610868401E03
:10E0A0000860086870470000034B036003F16000DC
:10E0B0000860802010607047D4100020044B03607B
:10E0C00003F1600008604FF480701060704700003A
:10E0D000341300207047000001A0FCF71BB80000BB
:10E0E0006D616C6C6F63206661696C65642E63683A
:10E0F00065636B206865617073697A650D0A00005D
:10E1000001A0FCF707B80000257320737461636BEE
:10E11000206F766572666C6F770D0A0000F108015A
:10E120004FF0FF32C0E90112C160016100210160BE
:10E13000704700210161704730B50B685A1C02D04E
:10E1400000F1080202E0026904E0224654682568F2
:10E150009D42FAD953684B6099608A6051600861AA
:10E160000168491C016030BD42684A6093688B6059
:10E1700093685960916008610168491C01607047AB
:10E18000502080F31188BFF34F8FBFF36F8F0A4980
:10E190004868401C486001280CD10848006810F00D
:10E1A000FF0F07D0502080F31188BFF34F8FBFF3CC
:10E1B0006F8FFEE770470000AC00002004ED00E028
:10E1C0000849486828B1401E486001D180F3118891
:10E1D0007047502080F31188BFF34F8FBFF36F8FCC
:10E1E000FEE70000AC00002070B500282AD0164DD4
:10E1F000A0F1080460686969084207D1502080F3E3
:10E200001188BFF34F8FBFF36F8FFEE722683AB1DB
:10E21000502080F31188BFF34F8FBFF36F8FFEE75D
:10E220008843606000F008FA6068696808446860C4
:10E230002046FFF7BBF92869401C2861BDE8704003
:10E2400001F004B870BD00008C0000204FF0E02009
:10E2500000210161816105494FF47A720968B1FBBF
:10E26000F2F1491E41610721016170472C00002035
:10E2700010B5F1F7F1FF114910280ED300F1E0209D
:10E2800090F8F0030A78904207D2502080F311886A
:10E29000BFF34F8FBFF36F8FFEE7094800688968AF
:10E2A00000F4E060884207D9502080F31188BFF362
:10E2B0004F8FBFF36F8FFEE710BD0000AC00002052
:10E2C0000CED00E010B5084B002200BF53F83240BF
:10E2D0001CB1521C082AF9D310BD43F8321003EBCD
:10E2E000C201486010BD0000B80A002070B5154694
:10E2F0000E460446FFF744FF94F944100020491CE1
:10E3000001D184F8440094F94510491C01D184F8E6
:10E310004500FFF755FFA06B28B92A46314604F1A6
:10E32000240000F0DFF82046BDE87040FFF7ECBAAB
:10E3300010B5020014D00F48006B38B1502080F3A4
:10E340001188BFF34F8FBFF36F8FFEE700F074F9B2
:10E3500000211046FEF734FF00F078FF002807D1B7
:10E3600005494FF080500860BFF34F8FBFF36F8FA8
:10E3700010BD00003000002004ED00E070B50D4637
:10E3800004000BD095B11E4A106BB8B1502080F339
:10E390001188BFF34F8FBFF36F8FFEE7502080F3DC
:10E3A0001188BFF34F8FBFF36F8FFEE7502080F3CC
:10E3B0001188BFF34F8FBFF36F8FFEE700F03CF97A
:10E3C000D26823685919934204D98B420AD99142E1
:10E3D00002D807E08B42FAD9881A21600021FEF7A3
:10E3E000EFFE00E0216000F031FF002807D1054971
:10E3F0004FF080500860BFF34F8FBFF36F8F70BD39
:10E400003000002004ED00E070B50546FFF7B8FECF
:10E410001E4C05B92568281DFFF732FEA86A18B101
:10E4200005F11800FFF72CFE606A401C606220684E
:10E43000854207D1291D1648FFF796FE6068401CEB
:10E44000606007E0A068401EA0602846FEF7C3FF9A
:10E45000FFF7DAF9FFF7B4FE6069002814D02068EE
:10E46000854211D1206B38B1502080F31188BFF361
:10E470004F8FBFF36F8FFEE706494FF08050086063
:10E48000BFF34F8FBFF36F8F70BD000030000020CF
:10E49000940F002004ED00E002490A6A0260C96896
:10E4A000416070473000002001490120C861704779
:10E4B0003000002010B50C4650B1094909681831E8
:10E4C000FFF73AFE2046BDE810400121FEF778BE76
:10E4D000502080F31188BFF34F8FBFF36F8FFEE79B
:10E4E0003000002070B514460D4668B10A4909682D
:10E4F0001831FFF739FE0CB14FF0FF3521462846A1
:10E50000BDE87040FEF75CBE502080F31188BFF379
:10E510004F8FBFF36F8FFEE73000002070B504000F
:10E520003ED0226DA2B1E06C884200D30146E06A81
:10E53000884235D0012A33D11A4D2A6894420FD12E
:10E54000502080F31188BFF34F8FBFF36F8FFEE72A
:10E55000502080F31188BFF34F8FBFF36F8FFEE71A
:10E56000E162A269002A02DBC1F13801A1610E4E0D
:10E5700000EB8000616906EB8000814210D1201D14
:10E58000FFF77EFDE06A2969884200D9286100EB27
:10E59000800006EB8000211DBDE87040FFF7E4BD60
:10E5A00070BD000030000020F80A002030B587B0B0
:10E5B0000024039405AA04A903A80494FFF774FD9A
:10E5C000DDE903010094CDE90110002316A11848EC
:10E5D000059A00F0DCFC174D0028E86221D000F01D
:10E5E00097FE012809D0401C1BD1502080F31188D0
:10E5F000BFF34F8FBFF36F8FFEE7502080F311887A
:10E60000BFF34F8FBFF36F8F4FF0FF30A862012031
:10E610006861EC60FEF782F907B0BDE8304000F0B9
:10E6200065B807B030BD000049444C45000000000B
:10E6300059D40008300000200248016B491C0163D6
:10E64000704700003000002010B5264C206B10B140
:10E650000120E06110BD0020E061FEF707FAA06331
:10E66000626B904204D92168821A4B6D1A444A6544
:10E67000606320684FF0A531006B02688A4208D1C0
:10E6800042688A4205D182688A4202D1C0688842C3
:10E6900004D0216820683431FFF732FD2069124927
:10E6A00001E0B8B1401E00EB800251F82220002AA0
:10E6B000F7D000EB800201EB820101F108034A6808
:10E6C00052684A609A4201D152684A60D16821601A
:10E6D000206110BD502080F31188BFF34F8FBFF32E
:10E6E0006F8FFEE730000020F80A00201CB5374885
:10E6F0000168374A914207D1502080F31188BFF357
:10E700004F8FBFF36F8FFEE700683149491E884283
:10E7100007D1502080F31188BFF34F8FBFF36F8F65
:10E72000FEE72C4908780190FF20087008788DF8E2
:10E7300000009DF800009DF8002000F0F0009042DD
:10E7400007D0502080F31188BFF34F8FBFF36F8F36
:10E75000FEE79DF80000204C00F0500020700720DC
:10E76000A06005E09DF8002052008DF80020401EBA
:10E770009DF800201206F5D4A060032807D0502091
:10E7800080F31188BFF34F8FBFF36F8FFEE74FF415
:10E790004070A060019808700C482030016841F476
:10E7A00070010160016841F070410160FFF74EFDAA
:10E7B00000206060F1F718FD0848016841F0404111
:10E7C0000160F1F7FDFC00201CBD000000ED00E041
:10E7D00071C20F4100E400E0AC00002034EF00E023
:10E7E00010B5502080F31188BFF34F8FBFF36F8FA8
:10E7F00000F014FC18B104494FF08050086000206C
:10E8000080F3118810BD000004ED00E010B5024651
:10E810000021012000F005F80446FEF74FFE2046D7
:10E8200010BDF8B517460E46050013D005FB06F0DF
:10E830005030FFF79FF804000AD0002084F846000B
:10E8400004F150023B46314628460094FEF742FE52
:10E850002046F8BD502080F31188BFF34F8FBFF3DF
:10E860006F8FFEE738B5049D18B153B1CAB181B1BD
:10E8700020E0502080F31188BFF34F8FBFF36F8FDC
:10E88000FEE7502080F31188BFF34F8FBFF36F8FE7
:10E89000FEE7502080F31188BFF34F8FBFF36F8FD7
:10E8A000FEE739B1502080F31188BFF34F8FBFF3DB
:10E8B0006F8FFEE750241C46012384F846302B4618
:10E8C0000094FEF707FE204638BD000070B50D46E7
:10E8D000040025D0FFF754FCD4E90F20216802FB87
:10E8E0000011A1600021A163216861600A46D4E99A
:10E8F0000F01401E00FB0121E16021464FF0FF3077
:10E9000001F8440F487004F110008DB1FFF706FCC8
:10E9100004F12400FFF702FCFFF752FC012070BD58
:10E92000502080F31188BFF34F8FBFF36F8FFEE746
:10E9300021690029F0D000F051FC0028ECD00449F6
:10E940004FF080500860BFF34F8FBFF36F8FE3E746
:10E9500004ED00E02DE9FF4782B01D468A464FF0E6
:10E960000008040003D0BAF1000F08D011E05020D5
:10E9700080F31188BFF34F8FBFF36F8FFEE7206CDA
:10E9800038B1502080F31188BFF34F8FBFF36F8FE2
:10E99000FEE7022D0AD1E06B012807D0502080F35A
:10E9A0001188BFF34F8FBFF36F8FFEE700F01AFBA4
:10E9B0003F4F4FF000094FF0805648B9049838B1E6
:10E9C000502080F31188BFF34F8FBFF36F8FFEE7A6
:10E9D000FFF7D6FBA06BE16B884207D3022D05D071
:10E9E0000498D0B1B8F1000F1AD01EE02A46514663
:10E9F0002046FEF7BAFC616A19B104F1240000F068
:10EA0000EDFB20B13E60BFF34F8FBFF36F8FFFF779
:10EA1000D7FB012006B0BDE8F087FFF7D1FB22E06D
:10EA20006846FFF739FD4FF00108FFF7C9FBFFF714
:10EA300003FEFFF7A5FB94F94400401C01D184F8C4
:10EA4000449094F94500401C01D184F84590FFF7AB
:10EA5000B7FB04A9684600F033FA30B12046FEF750
:10EA600053FF00F0F3FB0020D4E7FFF789FBA06B16
:10EA7000E16B884213D1FFF7A3FB04F11000049966
:10EA8000FFF718FD2046FEF73FFF00F0DFFB0028F0
:10EA90009ED13E60BFF34F8FBFF36F8F98E7FFF7B4
:10EAA0008FFB2046FEF730FF00F0D0FB90E7000020
:10EAB00004ED00E02DE9F0471F469046894604002A
:10EAC00003D0B9F1000F08D011E0502080F3118875
:10EAD000BFF34F8FBFF36F8FFEE7206C38B150202C
:10EAE00080F31188BFF34F8FBFF36F8FFEE7022FC4
:10EAF0000AD1E06B012807D0502080F31188BFF3C2
:10EB00004F8FBFF36F8FFEE7FFF7B2FB5020EFF39D
:10EB1000118680F31188BFF34F8FBFF36F8FA06B07
:10EB2000E16B884206D3022F04D0002086F31188BF
:10EB3000BDE8F08794F94550A06B3A464946204617
:10EB4000FEF713FC681C04D06D1C84F845500120AE
:10EB5000ECE7606A0028FAD004F1240000F03EFBE4
:10EB60000028F4D0B8F1000FF1D00121C8F800104E
:10EB7000EDE700002DE9F747002683B08A46040040
:10EB800003D0BAF1000F08D011E0502080F31188B3
:10EB9000BFF34F8FBFF36F8FFEE7206C38B150206B
:10EBA00080F31188BFF34F8FBFF36F8FFEE700F044
:10EBB00019FADFF8F4804FF000094FF0805748B998
:10EBC000059838B1502080F31188BFF34F8FBFF301
:10EBD0006F8FFEE7FFF7D4FAA56BC5B1514620460B
:10EBE000FEF7B0FB6D1EA563206950B104F1100063
:10EBF00000F0F4FA28B1C8F80070BFF34F8FBFF3EC
:10EC00006F8FFFF7DDFA012006B0BDE8F0870598A9
:10EC100008B11EB106E0FFF7D3FA27E06846FFF718
:10EC20003BFC0126FFF7CCFAFFF706FDFFF7A8FA39
:10EC300094F94400401C01D184F8449094F94500B3
:10EC4000401C01D184F84590FFF7BAFA05A968463F
:10EC500000F036F9002820460AD0FEF755FE00F0F5
:10EC6000F5FA2046FEF7E4FC0028B3D00020CBE7FD
:10EC7000FEF7DEFC90B104F124000599FFF71AFCC1
:10EC80002046FEF741FE00F0E1FA0028A2D1C8F8C4
:10EC90000070BFF34F8FBFF36F8F9BE72046FEF7E7
:10ECA00033FE00F0D3FA95E704ED00E02DE9F047DC
:10ECB00090468946040003D0B9F1000F08D011E056
:10ECC000502080F31188BFF34F8FBFF36F8FFEE7A3
:10ECD000206C38B1502080F31188BFF34F8FBFF301
:10ECE0006F8FFEE7FFF7C4FA5020EFF3118680F331
:10ECF0001188BFF34F8FBFF36F8FA76BF7B194F9F4
:10ED0000445049462046FEF71DFB7F1EA763681C42
:10ED100004D06D1C84F84450012010E020690028C4
:10ED2000FAD004F1100000F059FA0028F4D0B8F13C
:10ED3000000FF1D00121C8F80010EDE7002086F3A4
:10ED40001188BDE8F08700002DE9F343002683B069
:10ED50000400354609D0206C78B1502080F311882A
:10ED6000BFF34F8FBFF36F8FFEE7502080F3118802
:10ED7000BFF34F8FBFF36F8FFEE700F033F9DFF87B
:10ED80003C814FF000094FF0805748B9049838B1E2
:10ED9000502080F31188BFF34F8FBFF36F8FFEE7D2
:10EDA000FFF7EEF9A06BC8B1401EA063206810B950
:10EDB000FEF754FEA060206950B104F1100000F08D
:10EDC0000DFA28B1C8F80070BFF34F8FBFF36F8FF3
:10EDD000FFF7F6F9012005B0BDE8F083049808B10B
:10EDE00066B10FE03DB1502080F31188BFF34F8F23
:10EDF000BFF36F8FFEE7FFF7E3F95DE06846FFF7CB
:10EE00004BFB0126FFF7DCF9FFF716FCFFF7B8F91B
:10EE100094F94400401C01D184F8449094F94500D1
:10EE2000401C01D184F84590FFF7CAF904A968464F
:10EE300000F046F80028204612D0FEF765FD00F0ED
:10EE400005FA2046FEF7F4FB0028A9D09DB3FFF792
:10EE500097F9606A50B3206B0068C0F1380126E072
:10EE6000FEF7E6FBE0B1206838B9FFF789F9A06842
:10EE700000F078F90546FFF7A3F904F1240004999E
:10EE8000FFF718FB2046FEF73FFD00F0DFF90028F2
:10EE900086D1C8F80070BFF34F8FBFF36F8F7FE745
:10EEA0002046FEF731FD00F0D1F979E70021A06896
:10EEB000FFF734FB9FE7FFE700208CE704ED00E05D
:10EEC0002DE9F0410C46050011D0C4B1FFF758F907
:10EED000174BDA686E682068911B471C17D02F68A3
:10EEE0001B6A9F4219D0964217D8012410E0502087
:10EEF00080F31188BFF34F8FBFF36F8FFEE7502071
:10EF000080F31188BFF34F8FBFF36F8FFEE70024AC
:10EF1000FFF756F92046BDE8F081884205D9401A2E
:10EF200020602846FFF7B8FAF1E700202060DCE710
:10EF3000300000202DE9FF5F8346DDE90E8799460A
:10EF400016468A469000FEF715FD05001CD060208D
:10EF5000FEF710FD040014D00020256384F85D0046
:10EF6000CDE90240CDE900874B463246514658462E
:10EF7000FEF7C2FA2046FEF751F9012004B0BDE8C1
:10EF8000F09F2846FFF730F94FF0FF30F6E7F0B575
:10EF900085B0DDE90B640A9DA6B1DCB1602700975E
:10EFA0002663022684F85D60002604AFCDE90246A0
:10EFB000CDE90057FEF7A0FA2046FEF72FF9049896
:10EFC00005B0F0BD502080F31188BFF34F8FBFF321
:10EFD0006F8FFEE7502080F31188BFF34F8FBFF390
:10EFE0006F8FFEE70548416919B1006B18B1002029
:10EFF0007047012070470220704700003000002059
:10F000000148C068704700003000002010B5FFF7CD
:10F010002FF90148C06810BD300000202DE9F041F3
:10F020002E4C0027206B28B1A069401CA0613846F7
:10F03000BDE8F081E668761CE66013D1E06B0068FD
:10F0400038B1502080F31188BFF34F8FBFF36F8F1B
:10F05000FEE7E06B216CE1632064206A401C2062C3
:10F06000FEF7D2FBA06ADFF87880864209D3E06B16
:10F070000068A0B1E06BC068C5686868864211D2BC
:10F08000A0622068C06A00EB800158F821000128C6
:10F0900000D90127E0690028C9D00127C7E74FF050
:10F0A000FF30EDE7281DFEF7EBFFA86A18B105F168
:10F0B0001800FEF7E5FFE86A2169884200D920615F
:10F0C00000EB800108EB8100291DFFF74DF8E86A8D
:10F0D0002168C96A8842CAD30127C8E730000020E6
:10F0E000F80A002070B504004FF0000133D01B4D2A
:10F0F0002868844207D0502080F31188BFF34F8FD7
:10F10000BFF36F8FFEE7206D38B1401E2065E36CC2
:10F11000E26A9A421FD040B11DE0502080F311886E
:10F12000BFF34F8FBFF36F8FFEE7201DFEF7A8FFE1
:10F13000E06CE062C0F13800A061E06A29698842B1
:10F1400000D92861064900EB800001EB8000211DF9
:10F15000FFF70AF80121084670BD000030000020CA
:10F16000F80A002070B504004FF000002BD0194DB4
:10F17000E16A2A68D26A914226D2A069002804DB9B
:10F180002868C06AC0F13800A061134E01EB81010C
:10F19000606906EB8101884211D1201DFEF770FFE6
:10F1A0002868C06AE0622969884200D9286100EBBA
:10F1B000800006EB8000211DFEF7D6FF02E02868E4
:10F1C000C06AE062012070BDE16C2A68D26A914297
:10F1D000F8D370BD30000020F80A002070B5C06878
:10F1E000C46854B104F118000646FEF749FF144DF7
:10F1F000286B50B13146134815E0502080F3118838
:10F20000BFF34F8FBFF36F8FFEE7201DFEF738FF70
:10F21000E06A2969884200D928610B4900EB800027
:10F2200001EB8000211DFEF79FFFE06A2968C96A93
:10F23000884202D90120E86170BD002070BD000045
:10F2400030000020800F0020F80A00202DE9F04750
:10F250002C4D00242746286B38B1FEF791FF286B10
:10F26000401E2863286B40B146E0502080F311888F
:10F27000BFF34F8FBFF36F8FFEE7A968224E0120C7
:10F28000D1B3A6F5916980463068E0B1F068C468F2
:10F2900004F11800FEF7F4FE201DFEF7F1FEE06A0F
:10F2A0002969884200D9286100EB800109EB8100BF
:10F2B000211DFEF759FFE06A2968C96A8842E3D335
:10F2C000C5F81C80E0E70CB1FEF79EFAAC694CB1C2
:10F2D0004FEA0806FFF7A2FE00B1EE61641EF9D105
:10F2E0000020A861E86938B108490127380708609B
:10F2F000BFF34F8FBFF36F8FFEF762FF3846BDE855
:10F30000F087000030000020800F002004ED00E0B6
:10F3100010B586B0FDF7EAFF114C2068B8B10020A7
:10F320000390049005AA04A903A8FEF7C7FEDDE92F
:10F33000032102208DE8070000230AA10B48059A4B
:10F34000FFF725FE606010B106B0012010BD50200F
:10F3500080F31188BFF34F8FBFF36F8FFEE700007C
:10F3600074000020546D722053766300E5D80008C5
:10F370002DE9FF411E46134602000A9D4FF0000092
:10F3800016D0144C2768002F0FD0CDE9001302923D
:10F39000062917DAFFF726FE02284FF000030FD0E8
:10F3A000002269462068FFF7D5FA04B0BDE8F08175
:10F3B000502080F31188BFF34F8FBFF36F8FFEE7AC
:10F3C0002A46EEE70023324669463846FFF772FBCD
:10F3D000EBE7000074000020380001080000000086
:10F3E000000000000000000000000000000200001B
:10F3F00020000000000000000000000000061016C1
:10F4000000061016000000000000000001020304C6
:10F4100006070809000000000102030400000000C4
:10F420000000000000000000000000003F4000005D
:10F4300000000000000030004000300040000000EC
:10F4400009000BC03D000BC03D00090018C024405E
:10F450007FE0224031800000180024C01B000D8096
:10F460003240018003801C4027401C800740004040
:10F47000100060000000000000000000000000001C
:10F4800000001F80204040200000402020401F80BE
:10F4900000000000090006001F80060009000000AF
:10F4A000040004003F80040004000000001000601D
:10F4B000000000000000000004000400040004003C
:10F4C00004000000000000400000000000000000F8
:10F4D000002001C006003800400000001F802040CE
:10F4E000204020401F800000000010403FC000402E
:10F4F0000000000018C021402240244018400000B5
:10F5000010802040244024401B80000002000D0099
:10F5100011003FC0014000003C80244024402440B2
:10F52000238000001F8024402440344003800000DA
:10F530003000200027C03800200000001B8024403D
:10F54000244024401B8000001C0022C02240224096
:10F550001F800000000000000840000000000000C4
:10F560000000000004600000000000000000040033
:10F570000A0011002080404009000900090009002C
:10F580000900000000004040208011000A00040033
:10F590001800200023402400180000001F80204095
:10F5A000274029401F400000004007C039000F00DD
:10F5B00001C0004020403FC0244024401B80000088
:10F5C0001F802040204020403080000020403FC06D
:10F5D000204020401F80000020403FC024402E409B
:10F5E00030C0000020403FC024402E00300000000A
:10F5F0000F001080204022403380020020403FC096
:10F60000040004003FC02040204020403FC0204074
:10F61000204000000060202020203FC0200020006B
:10F6200020403FC024400B0030C0204020403FC05D
:10F6300020400040004000C03FC03C0003C03C00F0
:10F640003FC0000020403FC00C4023003FC02000CE
:10F650001F802040204020401F80000020403FC0ED
:10F6600024402400180000001F802140214020E099
:10F670001FA0000020403FC02440260019C00040C9
:10F6800018C0244024402240318000003000204037
:10F690003FC020403000000020003F80004000407C
:10F6A0003F80200020003E0001C0070038002000FD
:10F6B000380007C03C0007C038000000204039C0B7
:10F6C000060039C0204000002000384007C0384004
:10F6D00020000000304021C02640384020C00000FB
:10F6E000000000007FE0402040200000000070008B
:10F6F0000C000380004000000000402040207FE01C
:10F700000000000000002000400020000000000079
:10F710000010001000100010001000100000000089
:10F72000400000000000000000000280054005408D
:10F7300003C0004020003FC004400440038000009C
:10F7400000000380044004400640000000000380E5
:10F75000044024403FC000400000038005400540B5
:10F7600003400000000004401FC02440244020004B
:10F77000000002E0055005500650042020403FC024
:10F780000440040003C000400000044027C00040C3
:10F790000000000000100010041027E0000000002E
:10F7A00020403FC00140070004C0044020402040EA
:10F7B0003FC000400040000007C0040007C0040034
:10F7C00003C00000044007C00440040003C0004020
:10F7D000000003800440044003800000041007F090
:10F7E00004500440038000000000038004400450E3
:10F7F00007F00010044007C00240040004000000AD
:10F80000000006400540054004C000000000040060
:10F810001F800440004000000400078000400440B6
:10F8200007C000400400070004C001800600040077
:10F83000060001C0070001C006000000044006C029
:10F84000010006C0044000000410071004E001801D
:10F85000060004000000044005C00640044000000B
:10F860000000000004007BE04020000000000000D9
:10F870000000FFF000000000000040207BE00400DA
:10F8800000000000400080004000200020004000F8
:10F890000000000000000000000000000000000068
:10F8A0000000000000001FCC000C00000000000061
:10F8B0000000080030006000080030006000000018
:10F8C000022003FC1E20022003FC1E200220000058
:10F8D00000000E1811043FFF10840C780000000097
:10F8E0000F0010840F3800C00778188400780000DB
:10F8F00000780F8410C411240E9800E400840008DE
:10F900000800680070000000000000000000000017
:10F9100000000000000007E018182004400200006A
:10F92000000040022004181807E00000000000005A
:10F930000240024001800FF00180024002400000BE
:10F940000080008000800FF80080008000800000B0
:10F950000001000D000E000000000000000000008B
:10F960000000008000800080008000800080008017
:10F970000000000C000C000000000000000000006F
:10F98000000000060018006001800600180020003A
:10F99000000007F0080810041004080807F0000031
:10F9A0000000080408041FFC00040004000000001C
:10F9B00000000E0C10141024104411840E0C0000D2
:10F9C00000000C1810041104110412880C700000BF
:10F9D000000000E00320042408241FFC0024000091
:10F9E00000001F981084110411041088107000008A
:10F9F000000007F008881104110418880070000046
:10FA000000001C00100010FC13001C00100000007F
:10FA100000000E3811441084108411440E38000088
:10FA200000000700088C10441044088807F000000C
:10FA3000000000000000030C030C000000000000A8
:10FA400000000000000101060000000000000000AE
:10FA5000000000800140022004100808100400008B
:10FA600002200220022002200220022002200000A8
:10FA7000000010040808041002200140008000006B
:10FA800000000E001200100C106C10800F0000001F
:10FA900003E00C1813E4142417C4082807D000004E
:10FAA0000004003C03C41C40074000E4001C0004A8
:10FAB00010041FFC1104110411040E8800700000D2
:10FAC00003E00C1810041004100410081C100000AF
:10FAD00010041FFC100410041004080807F00000B4
:10FAE00010041FFC1104110417C4100408180000AE
:10FAF00010041FFC1104110017C0100008000000C2
:10FB000003E00C181004100410441C78004000009E
:10FB100010041FFC10840080008010841FFC10045F
:10FB20000000100410041FFC10041004000000006A
:10FB300000030001100110011FFE10001000000062
:10FB400010041FFC110403801464181C100400002E
:10FB500010041FFC1004000400040004000C00004A
:10FB600010041FFC1F0000FC1F001FFC10040000FD
:10FB700010041FFC0C04030000E010181FFC100010
:10FB800007F00808100410041004080807F000002B
:10FB900010041FFC10841080108010800F000000E3
:10FBA00007F0081810241024101C080A07F200009F
:10FBB00010041FFC1104110011C011300E0C0004C0
:10FBC00000000E1C11041084108410441C38000026
:10FBD0001800100010041FFC100410001800000092
:10FBE00010001FF810040004000410041FF8100097
:10FBF00010001E0011E0001C007013801C0010009B
:10FC00001FC0103C00E01F0000E0103C1FC00000BF
:10FC10001004180C163401C001C01634180C10045E
:10FC200010001C00130400FC13041C001000000052
:10FC30000804101C1064108413041C041018000025
:10FC40000000000000007FFE400240024002000071
:10FC5000000030000C0003800060001C0003000066
:10FC600000004002400240027FFE00000000000051
:10FC70000000000020004000400040002000000084
:10FC8000000100010001000100010001000100016C
:10FC900000004000400020000000000000000000C4
:10FCA00000000098012401440144014400FC0004C8
:10FCB00010001FFC0088010401040088007000008F
:10FCC00000000070008801040104010400880000A5
:10FCD0000000007000880104010411081FFC0004EA
:10FCE000000000F8014401440144014400C8000040
:10FCF0000000010401040FFC11041104110018009C
:10FD0000000000D601290129012901C901060000CE
:10FD100010041FFC008401000100010400FC000429
:10FD200000000104190419FC000400040000000094
:10FD30000000000300010101190119FE000000008C
:10FD400010041FFC0024004001B4010C0104000059
:10FD50000000100410041FFC000400040000000058
:10FD6000010401FC0104010001FC0104010000FC8C
:10FD7000010401FC008401000100010400FC0004F6
:10FD8000000000F8010401040104010400F800006F
:10FD9000010101FF008501040104008800700000DA
:10FDA00000000070008801040104010501FF00014A
:10FDB0000104010401FC0084010401000180000031
:10FDC000000000CC0124012401240124019800003A
:10FDD00000000100010007F8010401040000000018
:10FDE000010001F8000400040004010801FC000403
:10FDF000010001800170000C001001600180010011
:10FE000001F0010C003001C00030010C01F00100D4
:10FE100000000104018C00740170018C01040000D9
:10FE2000010101810171000E0018016001800100D3
:10FE300000000184010C013401440184010C000024
:10FE4000000000000000000001003EFC40024002F3
:10FE50000000000000000000FFFF000000000000A4
:10FE60000000400240023EFC0100000000000000D3
:10FE70000000600080008000400040002000200062
:10FE80000100000000000000000000000000000071
:10FE9000040000000000000000000000000000005E
:10FEA000060000000000000000000000000000004C
:10FEB0000200000000000000000000000000000040
:10FEC000555555555555C53F7D6FEB0312D6D4BFDB
:10FED0005544880E55C1C93F3B8F68B52882A4BFE1
:10FEE00088B20175E0EF493F09F7FD0DE13D023FA2
:10FEF0004B2D8A1C273A03C0C88A599CE52A00402A
:10FF000059018D1B6C06E6BF82922EB1C5B8B33F76
:10FF1000000000000000F03F000000000000F83F7B
:10FF200000000000000000000000004003B8E23FB5
:10FF3000000000000000000006D0CF43EBFD4C3E67
:10FF4000033333333333E33FFFAB6FDBB66DDB3F5C
:10FF50004D268F515555D53F01411DA96074D13FA4
:10FF600065DBC9934A86CD3FEF4E454A287ECA3F9E
:10FF70003E5555555555C53F93BDBE166CC166BF20
:10FF80002CDE25AF6A56113FF16BD2C541BDBBBE19
:10FF9000D0A4BE726937663E4FBB610567ACDD3FDA
:10FFA000182D4454FB21E93F9BF681D20B73EF3FA0
:10FFB000182D4454FB21F93FE2652F227F2B7A3C18
:10FFC000075C143326A6813CBDCBF07A8807703CD1
:10FFD000075C143326A6913CC4EB98999999C9BF44
:10FFE000711623FEC671BCBF6D9A74AFF2B0B3BF79
:10FFF0009AFDDE522DDEADBF2F6C6A2C44B4A2BF39
:020000040801F1
:100000000D5555555555D53FFF8300922449C23FA4
:100010006E204CC5CD45B73F513DD0A0660DB13FD8
:10002000EB0D76244B7BA93F11DA22E33AAD903FEA
:100030000000000000000000496E69745461736B99
:10004000000000005B52425D5B5049445D20656EDC
:100050003D257520706F733D252E31662F252E317D
:10006000666D6D2076656C3D252E31666D6D2F7346
:1000700020616E676C653D252E31662F252E316619
:1000800061646320737465703D256C64487A2076E2
:10009000616C69643D25750D0A0000004849440003
:1000A000C00001080000002068030000C00A00082A
:1000B000CC0101086803002028FC0000A0BB000858
:1000C00013F807021C2032018210038124F41AAABB
:1000D00001411379CBC20813C5C71B08D9041AC93B
:1000E000041339C81B08890841CBB804E0136D1309
:1000F0001B08B5201A490413396414087D651408D7
:100100000D661B088D041AC9041389CE1B0831140F
:100110005BD163602A04043B02400E1908132001DE
:100120001B20280441139B541B083D041377551BC7
:1001300008F3081A699413A9521B08410413F1DC4F
:100140001B08A50413D1572C0859C43E0310803F47
:100150001A80481A7F01D122011A0948139DCADB6F
:100160000821E4491E0116ADCDCC4C3E0821F3FA1E
:10017000433240E241F924011169719AF47A0A1A72
:10018000328901291A967C2904A11A3C9EE9580952
:10019000321422FC02182013940113209C3401080D
:1001A00003137D851B082D0413638114080D871428
:1001B000081B88420829200A19FF20C11A7F014123
:0C01C00013959F1B08B904F99971000009
:040000050800018965
:00000001FF
